name,owner,createdAt,updatedAt,primaryLanguage,mergedPRs,releases,openIssues,closedIssues,stars
freeCodeCamp,freeCodeCamp,2014-12-24T17:49:19Z,2025-08-11T19:11:46Z,TypeScript,25669,0,192,19600,425544
build-your-own-x,codecrafters-io,2018-05-09T12:03:18Z,2025-08-11T20:01:19Z,Markdown,142,0,219,594,409145
awesome,sindresorhus,2014-07-11T13:42:37Z,2025-08-11T20:02:16Z,None,679,0,14,340,390815
free-programming-books,EbookFoundation,2013-10-11T06:50:37Z,2025-08-11T19:46:17Z,Python,6818,0,31,1150,364853
public-apis,public-apis,2016-03-20T23:49:42Z,2025-08-11T19:53:52Z,Python,1872,0,2,703,360752
developer-roadmap,kamranahmedse,2017-03-15T13:45:52Z,2025-08-11T19:58:24Z,TypeScript,3664,1,250,2687,333559
coding-interview-university,jwasham,2016-06-06T02:34:12Z,2025-08-11T18:58:47Z,None,415,0,63,453,324125
system-design-primer,donnemartin,2017-02-26T16:15:28Z,2025-08-11T20:03:27Z,Python,200,0,248,91,315325
996.ICU,996icu,2019-03-26T07:31:14Z,2025-08-11T19:11:40Z,None,1067,0,0,0,273981
awesome-python,vinta,2014-06-27T21:00:06Z,2025-08-11T20:00:13Z,Python,544,0,0,0,254508
awesome-selfhosted,awesome-selfhosted,2015-06-01T02:33:17Z,2025-08-11T20:00:12Z,None,2394,1,0,806,241305
project-based-learning,practical-tutorials,2017-04-12T05:07:46Z,2025-08-11T19:50:00Z,None,182,0,129,79,238831
react,facebook,2013-05-24T16:15:54Z,2025-08-11T19:28:45Z,JavaScript,12077,105,802,13175,238035
vue,vuejs,2013-07-29T03:24:51Z,2025-08-11T15:15:21Z,TypeScript,1133,249,355,9673,209248
Python,TheAlgorithms,2016-07-16T09:44:01Z,2025-08-11T19:57:10Z,Python,2974,0,74,1511,203947
linux,torvalds,2011-09-04T22:48:12Z,2025-08-11T19:50:39Z,C,10,0,0,0,199428
javascript-algorithms,trekhleb,2018-03-24T07:47:04Z,2025-08-11T18:59:34Z,JavaScript,302,0,137,229,192971
tensorflow,tensorflow,2015-11-07T01:19:20Z,2025-08-11T19:57:58Z,C++,35598,217,887,39821,191137
computer-science,ossu,2014-05-04T00:18:39Z,2025-08-11T19:27:18Z,HTML,298,0,14,637,190183
You-Dont-Know-JS,getify,2013-11-16T02:37:24Z,2025-08-11T19:26:13Z,None,368,0,81,863,182917
the-book-of-secret-knowledge,trimstray,2018-06-23T10:43:14Z,2025-08-11T20:00:05Z,None,122,0,0,0,181842
CS-Notes,CyC2018,2018-02-13T14:56:24Z,2025-08-11T17:57:28Z,None,374,0,123,448,181395
ohmyzsh,ohmyzsh,2009-08-28T18:15:37Z,2025-08-11T17:50:27Z,Shell,3369,0,139,4818,180601
AutoGPT,Significant-Gravitas,2023-03-16T09:21:07Z,2025-08-11T19:52:35Z,Python,3150,66,157,3214,177682
vscode,microsoft,2015-09-03T20:23:38Z,2025-08-11T19:31:05Z,TypeScript,35924,175,11965,192137,175623
bootstrap,twbs,2011-07-29T21:19:00Z,2025-08-11T16:13:50Z,MDX,8967,93,406,22342,172823
flutter,flutter,2015-03-06T22:54:58Z,2025-08-11T19:30:14Z,Dart,43630,7,11887,96627,171793
Python-100-Days,jackfrued,2018-03-01T16:05:52Z,2025-08-11T17:16:41Z,Jupyter Notebook,13,0,572,118,170666
gitignore,github,2010-11-08T20:17:14Z,2025-08-11T16:41:00Z,None,1713,0,0,0,168574
the-art-of-command-line,jlevy,2015-05-20T15:11:03Z,2025-08-11T16:53:32Z,None,317,0,122,136,157749
stable-diffusion-webui,AUTOMATIC1111,2022-08-22T14:05:26Z,2025-08-11T19:33:49Z,Python,1874,27,2362,5464,155461
JavaGuide,Snailclimb,2018-05-07T13:27:00Z,2025-08-11T18:06:26Z,Java,1179,0,72,1031,151203
ollama,ollama,2023-06-26T19:39:32Z,2025-08-11T19:20:22Z,Go,2435,141,1762,6129,149905
awesome-go,avelino,2014-07-06T13:42:15Z,2025-08-11T20:03:59Z,Go,3454,0,6,679,149636
transformers,huggingface,2018-10-29T13:56:00Z,2025-08-11T20:01:42Z,Python,16490,220,1082,16659,148189
javascript,airbnb,2012-11-01T23:13:50Z,2025-08-11T13:22:39Z,JavaScript,810,0,97,1266,147257
Microsoft-Activation-Scripts,massgravel,2020-01-12T23:03:34Z,2025-08-11T19:44:35Z,Batchfile,6,24,0,715,144119
youtube-dl,ytdl-org,2010-10-31T14:35:07Z,2025-08-11T16:58:44Z,Python,1642,341,3643,23122,136824
next.js,vercel,2016-10-05T23:32:51Z,2025-08-11T19:54:44Z,JavaScript,23478,1000,2327,20991,133728
awesome-chatgpt-prompts,f,2022-12-05T13:54:13Z,2025-08-11T20:02:04Z,JavaScript,171,0,0,0,132356
go,golang,2014-08-19T04:33:40Z,2025-08-11T19:42:07Z,Go,1,0,9173,58643,129342
fucking-algorithm,labuladong,2020-02-19T09:01:23Z,2025-08-11T13:45:44Z,Markdown,238,1,3,913,128878
n8n,n8n-io,2019-06-22T09:24:21Z,2025-08-11T20:04:32Z,TypeScript,10483,376,577,4368,128745
tech-interview-handbook,yangshun,2016-07-05T05:00:48Z,2025-08-11T18:01:49Z,TypeScript,481,0,41,74,128437
scrcpy,Genymobile,2017-11-21T18:00:27Z,2025-08-11T18:54:00Z,C,113,47,2443,3159,126396
30-seconds-of-code,Chalarangelo,2017-11-29T17:35:03Z,2025-08-11T18:47:04Z,JavaScript,826,12,0,300,124879
HelloGitHub,521xueweihan,2016-05-04T06:24:11Z,2025-08-11T19:14:31Z,Python,16,57,210,2627,124646
react-native,facebook,2015-01-09T18:10:16Z,2025-08-11T18:54:09Z,C++,930,408,649,26523,123368
PowerToys,microsoft,2019-05-01T17:44:02Z,2025-08-11T20:00:11Z,C#,5596,116,6902,27481,122057
yt-dlp,yt-dlp,2020-10-26T04:22:55Z,2025-08-11T20:01:05Z,Python,2868,116,1606,8093,122054
electron,electron,2013-04-12T01:47:36Z,2025-08-11T18:45:55Z,C++,23197,1000,758,20267,117841
kubernetes,kubernetes,2014-06-06T22:56:04Z,2025-08-11T18:39:07Z,Go,62213,751,1886,45731,116822
hello-algo,krahets,2022-11-04T11:08:34Z,2025-08-11T17:56:55Z,Java,945,9,12,258,115322
free-programming-books-zh_CN,justjavac,2013-11-04T01:59:19Z,2025-08-11T15:46:59Z,None,282,3,0,0,114929
langchain,langchain-ai,2022-10-17T02:58:36Z,2025-08-11T19:53:40Z,Jupyter Notebook,14404,944,212,8424,113319
node,nodejs,2014-11-26T19:57:11Z,2025-08-11T19:17:56Z,JavaScript,10692,454,1723,17699,112650
d3,d3,2010-09-27T17:22:42Z,2025-08-11T17:30:53Z,Shell,493,194,8,2220,111256
dify,langgenius,2023-04-12T07:40:24Z,2025-08-11T19:23:33Z,TypeScript,6891,140,690,11612,110487
free-for-dev,ripienaar,2015-03-18T21:06:26Z,2025-08-11T19:46:32Z,HTML,2753,0,0,0,109699
three.js,mrdoob,2010-03-23T18:58:01Z,2025-08-11T19:18:38Z,JavaScript,14345,171,440,12707,108039
axios,axios,2014-08-18T22:30:27Z,2025-08-11T15:56:11Z,JavaScript,998,97,417,4425,107376
open-webui,open-webui,2023-10-06T22:08:27Z,2025-08-11T20:00:50Z,JavaScript,2464,119,200,5845,106248
rust,rust-lang,2010-06-16T20:39:03Z,2025-08-11T20:02:24Z,Rust,65373,140,10654,48445,105689
TypeScript,microsoft,2014-06-17T15:28:39Z,2025-08-11T19:44:52Z,TypeScript,14671,212,5579,36840,105579
excalidraw,excalidraw,2020-01-02T01:04:43Z,2025-08-11T20:05:02Z,TypeScript,3691,14,1825,2399,105219
nodebestpractices,goldbergyoni,2017-09-15T08:33:19Z,2025-08-11T20:00:52Z,Dockerfile,765,0,43,285,103905
deno,denoland,2018-05-15T01:34:26Z,2025-08-11T19:42:52Z,Rust,13291,340,2272,10857,103842
create-react-app,facebook,2016-07-17T14:55:11Z,2025-08-11T14:31:51Z,JavaScript,1949,83,1833,6567,103422
GitHub-Chinese-Top-Charts,GrowingGit,2019-09-05T03:01:56Z,2025-08-11T17:56:50Z,Java,0,0,179,161,101146
godot,godotengine,2014-01-04T16:05:36Z,2025-08-11T19:49:47Z,C++,38636,61,12042,45917,99795
terminal,microsoft,2017-08-11T18:38:22Z,2025-08-11T19:56:55Z,C++,4176,136,1603,11847,99159
DeepSeek-V3,deepseek-ai,2024-12-26T09:52:40Z,2025-08-11T18:14:31Z,Python,21,1,28,554,98588
langflow,langflow-ai,2023-02-08T22:28:03Z,2025-08-11T20:05:18Z,Python,4571,261,436,2225,98491
angular,angular,2014-09-18T16:12:01Z,2025-08-11T19:26:39Z,TypeScript,3869,465,1462,27978,98452
frp,fatedier,2015-12-21T15:24:59Z,2025-08-11T19:46:35Z,Go,682,106,57,3831,97212
papers-we-love,papers-we-love,2013-12-15T14:31:41Z,2025-08-11T20:05:17Z,Shell,437,0,1,245,96877
material-ui,mui,2014-08-18T19:11:54Z,2025-08-11T17:44:55Z,TypeScript,20745,547,1614,18541,96346
iptv,iptv-org,2018-11-14T22:00:57Z,2025-08-11T20:03:37Z,TypeScript,6663,0,432,14178,96137
Awesome-Hacking,Hack-with-Github,2016-03-30T15:47:10Z,2025-08-11T19:54:49Z,None,34,0,0,0,96103
ant-design,ant-design,2015-04-24T15:37:24Z,2025-08-11T17:20:50Z,TypeScript,15734,713,1228,30360,95616
rustdesk,rustdesk,2020-09-28T15:36:08Z,2025-08-11T19:53:31Z,Rust,3616,31,56,3543,95478
tauri,tauri-apps,2019-07-13T09:09:37Z,2025-08-11T19:42:48Z,Rust,5140,1000,1120,4622,95430
generative-ai-for-beginners,microsoft,2023-06-19T16:28:59Z,2025-08-11T20:01:27Z,Jupyter Notebook,376,0,11,165,94574
thefuck,nvbn,2015-04-08T15:08:04Z,2025-08-11T18:18:57Z,Python,481,17,287,472,93401
clean-code-javascript,ryanmcdermott,2016-11-25T22:25:41Z,2025-08-11T18:15:51Z,JavaScript,149,0,72,163,93335
ui,shadcn-ui,2023-01-04T12:43:27Z,2025-08-11T18:59:49Z,TypeScript,634,52,962,2363,92741
java-design-patterns,iluwatar,2014-08-09T16:45:18Z,2025-08-11T16:38:48Z,Java,1507,0,129,830,92460
pytorch,pytorch,2016-08-13T05:26:41Z,2025-08-11T20:03:39Z,Python,6190,61,15408,37603,92285
HowToCook,Anduin2017,2020-02-29T10:43:49Z,2025-08-11T19:14:43Z,Dockerfile,586,4,434,346,92187
neovim,neovim,2014-01-31T13:39:22Z,2025-08-11T18:36:47Z,Vim Script,16062,45,1656,11431,91871
puppeteer,puppeteer,2017-05-09T22:16:13Z,2025-08-11T14:55:44Z,TypeScript,5405,555,262,6945,91704
Web-Dev-For-Beginners,microsoft,2020-11-10T02:44:00Z,2025-08-11T20:01:09Z,JavaScript,514,0,88,242,91186
DeepSeek-R1,deepseek-ai,2025-01-20T11:57:28Z,2025-08-11T18:59:02Z,None,9,1,58,568,90843
vue-element-admin,PanJiaChen,2017-04-17T03:35:49Z,2025-08-11T18:44:34Z,Vue,311,49,1252,2357,89754
tailwindcss,tailwindlabs,2017-10-06T14:59:14Z,2025-08-11T18:20:55Z,TypeScript,3060,289,80,4447,89529
fastapi,fastapi,2018-12-08T08:21:47Z,2025-08-11T19:54:48Z,Python,2732,208,49,3417,88249
every-programmer-should-know,mtdvio,2017-08-24T13:18:26Z,2025-08-11T15:39:24Z,None,99,0,29,23,87766
storybook,storybookjs,2016-03-18T04:23:44Z,2025-08-11T18:32:35Z,TypeScript,11466,1000,2050,11605,87484
supabase,supabase,2019-10-12T05:56:49Z,2025-08-11T19:54:44Z,TypeScript,12825,22,246,4385,86916
whisper,openai,2022-09-16T20:02:54Z,2025-08-11T19:58:59Z,Python,119,13,0,0,86430
nvm,nvm-sh,2010-04-15T17:47:47Z,2025-08-11T17:25:09Z,Shell,729,70,319,1993,86297
awesome-mac,jaywcjlove,2016-07-17T15:33:47Z,2025-08-11T19:26:14Z,JavaScript,986,12,113,365,85831
NextChat,ChatGPTNextWeb,2023-03-10T18:27:54Z,2025-08-11T19:53:43Z,TypeScript,889,77,660,2884,85399
ComfyUI,comfyanonymous,2023-01-17T03:15:56Z,2025-08-11T20:00:43Z,Python,1141,71,2472,3592,85162
bitcoin,bitcoin,2010-12-19T15:16:43Z,2025-08-11T19:56:28Z,C++,15481,56,408,8265,84990
app-ideas,florinpop17,2019-02-25T18:36:56Z,2025-08-11T14:39:04Z,None,149,0,126,44,84838
v2rayN,2dust,2019-07-30T03:47:24Z,2025-08-11T18:24:42Z,C#,256,261,15,5967,84742
llama.cpp,ggml-org,2023-03-10T18:58:00Z,2025-08-11T20:02:29Z,C++,5412,1000,315,5315,84579
django,django,2012-04-28T02:47:18Z,2025-08-11T19:39:11Z,Python,9833,0,0,0,84547
svelte,sveltejs,2016-11-20T18:13:05Z,2025-08-11T19:22:25Z,JavaScript,5978,509,808,7666,83709
gin,gin-gonic,2014-06-16T23:57:25Z,2025-08-11T17:36:01Z,Go,1114,27,666,1680,83528
opencv,opencv,2012-07-19T09:40:17Z,2025-08-11T18:17:54Z,C++,13053,66,2608,8618,83468
hugo,gohugoio,2013-07-04T15:26:26Z,2025-08-11T19:20:06Z,Go,2941,337,439,7353,82791
realworld,gothinkster,2016-02-26T20:49:53Z,2025-08-11T19:52:56Z,TypeScript,433,0,39,503,82184
animate.css,animate-css,2011-10-12T10:07:38Z,2025-08-11T14:26:12Z,CSS,315,22,39,841,82028
mermaid,mermaid-js,2014-11-01T23:52:32Z,2025-08-11T19:28:19Z,TypeScript,2424,157,1267,2093,82012
laravel,laravel,2011-06-08T03:06:08Z,2025-08-11T19:37:43Z,Blade,1637,197,0,0,81766
mall,macrozheng,2018-04-04T01:11:44Z,2025-08-11T15:26:58Z,Java,1,3,10,487,81244
core,home-assistant,2013-09-17T07:29:48Z,2025-08-11T20:05:54Z,Python,75523,1000,2390,59830,80677
FiraCode,tonsky,2014-11-11T19:32:38Z,2025-08-11T17:46:47Z,Clojure,137,29,409,954,79842
bun,oven-sh,2021-04-14T00:48:17Z,2025-08-11T18:42:05Z,Zig,5893,196,4742,8229,79623
manim,3b1b,2015-03-22T18:50:58Z,2025-08-11T18:30:17Z,Python,642,13,450,761,79444
advanced-java,doocs,2018-10-06T11:38:30Z,2025-08-11T16:02:11Z,Java,88,1,1,146,78074
FreeDomain,DigitalPlatDev,2024-05-30T13:23:00Z,2025-08-11T19:57:04Z,HTML,0,0,0,0,78073
spring-boot,spring-projects,2012-10-19T15:02:57Z,2025-08-11T18:42:47Z,Java,42,317,596,38554,78063
devops-exercises,bregman-arie,2019-10-03T17:31:21Z,2025-08-11T19:29:19Z,Python,302,0,35,64,77893
models,tensorflow,2016-02-05T01:15:20Z,2025-08-11T18:14:05Z,Python,2341,50,1076,6236,77618
awesome-for-beginners,MunGell,2015-10-24T19:53:36Z,2025-08-11T18:45:27Z,None,450,0,8,174,76484
ML-For-Beginners,microsoft,2021-03-03T01:34:05Z,2025-08-11T20:01:49Z,HTML,374,0,6,140,76457
awesome-interview-questions,DopplerHQ,2015-11-28T09:48:17Z,2025-08-11T18:43:59Z,None,175,0,27,34,76433
LeetCodeAnimation,MisterBooo,2018-12-06T08:01:22Z,2025-08-11T12:29:45Z,Java,63,0,20,42,76370
playwright,microsoft,2019-11-15T18:32:42Z,2025-08-11T16:44:34Z,TypeScript,14993,150,819,15435,75841
Font-Awesome,FortAwesome,2012-02-17T14:19:43Z,2025-08-11T19:20:38Z,JavaScript,211,60,3850,15881,75549
netdata,netdata,2013-06-17T18:39:10Z,2025-08-11T19:55:44Z,C,10884,119,166,7943,75428
funNLP,fighting41love,2018-08-21T11:20:39Z,2025-08-11T17:51:47Z,Python,14,0,34,47,75368
system-design-101,ByteByteGoHq,2023-09-18T20:52:03Z,2025-08-11T18:51:58Z,None,23,0,37,17,75291
gpt4all,nomic-ai,2023-03-27T18:49:32Z,2025-08-11T20:05:51Z,C++,934,38,697,1486,75072
github-readme-stats,anuraghazra,2020-07-09T10:34:22Z,2025-08-11T19:39:01Z,JavaScript,1296,0,196,1108,74921
system-prompts-and-models-of-ai-tools,x1xhlol,2025-03-05T16:38:29Z,2025-08-11T20:05:51Z,None,22,0,44,52,74873
json-server,typicode,2013-11-27T13:21:13Z,2025-08-11T18:13:52Z,JavaScript,121,38,619,549,74748
vite,vitejs,2020-04-21T05:03:57Z,2025-08-11T16:05:58Z,TypeScript,5558,595,468,7599,74662
syncthing,syncthing,2013-11-26T09:48:21Z,2025-08-11T19:45:23Z,Go,2743,436,327,5346,74271
union,unionlabs,2023-05-16T22:33:39Z,2025-08-11T18:51:41Z,Rust,2722,92,226,1590,73903
elasticsearch,elastic,2010-02-08T13:20:56Z,2025-08-11T19:34:05Z,Java,80149,197,4282,36147,73490
hoppscotch,hoppscotch,2019-08-21T13:15:24Z,2025-08-11T18:44:41Z,TypeScript,1861,83,486,1552,73459
weekly,ruanyf,2018-10-13T12:36:07Z,2025-08-11T18:32:22Z,None,101,0,5950,1070,73411
code-server,coder,2019-02-27T16:50:41Z,2025-08-11T19:14:10Z,TypeScript,1575,198,133,3569,73351
awesome-vue,vuejs,2015-10-20T00:16:14Z,2025-08-11T13:46:45Z,None,3574,0,38,190,73152
uptime-kuma,louislam,2021-07-03T01:02:42Z,2025-08-11T19:34:17Z,JavaScript,1317,111,705,3445,73068
fzf,junegunn,2013-10-23T16:04:23Z,2025-08-11T18:43:59Z,Go,589,70,232,2779,72731
immich,immich-app,2022-02-03T15:56:27Z,2025-08-11T20:01:38Z,TypeScript,7087,258,560,5634,72628
Best-websites-a-programmer-should-visit,sdmg15,2017-03-05T20:25:17Z,2025-08-11T19:14:57Z,None,431,0,71,103,72536
Deep-Live-Cam,hacksider,2023-09-24T13:19:31Z,2025-08-11T19:55:34Z,Python,85,8,66,904,72435
nest,nestjs,2017-02-04T20:12:52Z,2025-08-11T19:22:59Z,TypeScript,7393,131,30,5638,72162
d2l-zh,d2l-ai,2017-08-23T04:40:24Z,2025-08-11T17:52:01Z,Python,1019,16,0,0,71574
stable-diffusion,CompVis,2022-08-10T14:36:44Z,2025-08-11T15:20:26Z,Jupyter Notebook,5,0,531,195,71301
markitdown,microsoft,2024-11-13T19:56:40Z,2025-08-11T19:44:04Z,Python,147,14,249,69,70937
screenshot-to-code,abi,2023-11-14T17:53:32Z,2025-08-11T18:56:34Z,Python,49,0,100,276,70573
Front-End-Checklist,thedaviddias,2017-10-16T10:12:36Z,2025-08-11T10:25:05Z,None,179,1,1,147,70514
moby,moby,2013-01-18T18:10:57Z,2025-08-11T17:02:02Z,Go,21432,237,3181,19924,70455
redis,redis,2009-03-21T22:32:25Z,2025-08-11T15:47:35Z,C,4150,95,2145,4624,70396
flask,pallets,2010-04-06T11:11:59Z,2025-08-11T15:51:39Z,Python,1604,36,6,2686,70152
Ventoy,ventoy,2020-03-10T15:19:19Z,2025-08-11T19:50:44Z,C,280,103,925,1597,69763
clash-verge-rev,clash-verge-rev,2023-11-21T18:24:03Z,2025-08-11T20:03:07Z,TypeScript,303,49,81,3631,69617
cs-video-courses,Developer-Y,2016-10-21T17:02:11Z,2025-08-11T15:46:46Z,None,234,0,0,0,69543
reveal.js,hakimel,2011-06-07T18:54:22Z,2025-08-11T19:41:18Z,JavaScript,409,49,770,1690,69395
grafana,grafana,2013-12-11T15:59:56Z,2025-08-11T19:58:06Z,TypeScript,56467,545,3461,37355,69391
awesome-react,enaqx,2014-08-06T05:31:44Z,2025-08-11T17:28:32Z,None,780,0,4,109,69326
awesome-machine-learning,josephmisiti,2014-07-15T19:11:19Z,2025-08-11T19:47:42Z,Python,868,0,1,91,69269
PayloadsAllTheThings,swisskyrepo,2016-10-18T07:29:07Z,2025-08-11T20:04:15Z,Python,542,5,0,0,69114
gpt_academic,binary-husky,2023-03-20T09:05:13Z,2025-08-11T16:37:17Z,Python,223,32,262,1478,69083
strapi,strapi,2015-09-30T15:34:48Z,2025-08-11T20:01:48Z,TypeScript,9108,476,986,10159,68996
swift,swiftlang,2015-10-23T21:15:07Z,2025-08-11T18:52:31Z,C++,55295,60,7330,9406,68942
tesseract,tesseract-ocr,2014-08-12T18:04:59Z,2025-08-11T20:02:03Z,C++,1410,34,423,2301,68760
protobuf,protocolbuffers,2014-08-26T15:52:15Z,2025-08-11T19:45:27Z,C++,7742,194,234,6401,68758
gemini-cli,google-gemini,2025-04-17T17:04:31Z,2025-08-11T20:04:07Z,TypeScript,1700,37,1464,1678,68693
node,base,2023-02-01T13:55:02Z,2025-08-09T21:25:08Z,Go,185,54,54,184,68452
cpython,python,2017-02-10T19:23:51Z,2025-08-11T18:05:07Z,Python,52622,0,7253,65971,68296
sherlock,sherlock-project,2018-12-24T14:30:48Z,2025-08-11T20:00:16Z,Python,642,1,104,970,67935
superset,apache,2015-07-21T18:55:34Z,2025-08-11T20:02:11Z,TypeScript,14763,231,471,11126,67518
imgui,ocornut,2014-07-21T14:29:47Z,2025-08-11T19:29:17Z,C++,405,113,1009,5515,67506
express,expressjs,2009-06-26T18:56:01Z,2025-08-11T19:17:06Z,JavaScript,457,160,104,3885,67497
browser-use,browser-use,2024-10-31T16:00:56Z,2025-08-11T19:33:51Z,Python,938,71,503,537,67377
openai-cookbook,openai,2022-03-11T02:08:53Z,2025-08-11T19:55:01Z,Jupyter Notebook,845,0,38,551,66871
new-pac,Alvin9999,2016-03-23T08:43:36Z,2025-08-11T20:03:12Z,Python,0,0,434,1330,66730
Chart.js,chartjs,2013-03-17T23:56:36Z,2025-08-11T17:24:32Z,JavaScript,3002,116,461,6804,66351
cs-self-learning,PKUFlyingPig,2021-10-20T13:43:42Z,2025-08-11T20:02:37Z,HTML,296,5,106,104,66179
obs-studio,obsproject,2013-10-01T02:40:31Z,2025-08-11T19:51:02Z,C,5197,223,663,3920,66137
caddy,caddyserver,2015-01-13T19:45:03Z,2025-08-11T18:52:13Z,Go,2112,128,179,4137,66064
ansible,ansible,2012-03-06T14:58:02Z,2025-08-11T20:02:46Z,Python,39164,161,545,32458,65892
localsend,localsend,2022-12-16T00:46:07Z,2025-08-11T19:19:53Z,Dart,667,24,777,642,65813
awesome-mcp-servers,punkpeye,2024-11-30T04:49:10Z,2025-08-11T19:40:09Z,None,916,0,26,73,65641
awesome-cpp,fffaraz,2014-07-17T08:51:11Z,2025-08-11T18:50:04Z,None,799,0,346,237,65566
33-js-concepts,leonardomso,2018-09-04T13:27:04Z,2025-08-11T18:28:13Z,JavaScript,251,0,22,81,65500
webpack,webpack,2012-03-10T10:08:14Z,2025-08-11T19:57:40Z,JavaScript,5086,435,120,9964,65471
tabby,Eugeny,2016-12-23T09:06:10Z,2025-08-11T18:42:22Z,TypeScript,1489,199,2276,3401,65418
act,nektos,2019-01-02T19:53:43Z,2025-08-11T18:16:44Z,Go,1045,88,219,1060,65036
gpt4free,xtekky,2023-03-29T17:00:43Z,2025-08-11T18:02:35Z,Python,812,329,7,1848,64911
SecLists,danielmiessler,2012-02-19T01:30:18Z,2025-08-11T19:05:10Z,PHP,681,28,5,290,64832
AppFlowy,AppFlowy-IO,2021-06-16T12:56:48Z,2025-08-11T17:03:10Z,Dart,3876,110,968,2628,64832
javascript-questions,lydiahallie,2019-06-12T08:26:27Z,2025-08-11T19:39:40Z,None,328,0,17,233,64737
uv,astral-sh,2023-10-02T20:24:11Z,2025-08-11T19:48:09Z,Rust,7107,204,1870,5389,64429
interviews,kdn251,2017-02-14T18:19:25Z,2025-08-11T15:59:03Z,Java,42,0,32,24,64343
lobe-chat,lobehub,2023-05-21T07:19:12Z,2025-08-11T20:06:27Z,TypeScript,2471,1000,864,3414,64338
awesome-scalability,binhnguyennus,2017-12-27T03:46:40Z,2025-08-11T20:01:11Z,None,36,0,0,0,64314
echarts,apache,2013-04-03T03:18:59Z,2025-08-11T19:08:17Z,TypeScript,1445,122,1865,17205,64309
Stirling-PDF,Stirling-Tools,2023-01-27T18:22:42Z,2025-08-11T19:25:09Z,Java,2185,135,310,1077,64225
awesome-public-datasets,awesomedata,2014-11-20T06:20:50Z,2025-08-11T18:44:15Z,None,188,1,70,48,64040
servers,modelcontextprotocol,2024-11-19T01:10:17Z,2025-08-11T19:56:36Z,TypeScript,820,19,184,441,63815
nocode,kelseyhightower,2018-02-06T23:54:00Z,2025-08-11T18:56:13Z,Dockerfile,1,1,4143,716,63736
zed,zed-industries,2021-02-20T03:01:06Z,2025-08-11T20:03:08Z,Rust,16020,951,2600,11280,63678
the-algorithm,twitter,2023-03-27T14:57:57Z,2025-08-11T17:37:26Z,Scala,2,0,280,728,63483
lazygit,jesseduffield,2018-05-19T00:53:06Z,2025-08-11T19:58:29Z,Go,1675,169,698,1588,63393
keras,keras-team,2015-03-28T00:35:42Z,2025-08-11T11:46:40Z,Python,4218,79,227,12292,63300
LLMs-from-scratch,rasbt,2023-07-23T18:15:57Z,2025-08-11T19:31:27Z,Jupyter Notebook,381,0,5,165,63183
anime,juliangarnier,2016-03-13T21:37:45Z,2025-08-11T19:53:28Z,JavaScript,75,21,84,708,63087
scikit-learn,scikit-learn,2010-08-17T09:43:38Z,2025-08-11T17:21:08Z,Python,13433,47,1582,10059,62965
Java,TheAlgorithms,2016-07-16T10:21:02Z,2025-08-11T18:23:57Z,Java,2009,0,5,1100,62664
design-resources-for-developers,bradtraversy,2020-05-06T14:40:35Z,2025-08-11T18:37:01Z,None,949,0,0,104,62653
resume.github.com,resume,2011-02-06T13:39:55Z,2025-08-11T12:06:23Z,JavaScript,84,0,56,66,62591
Apollo-11,chrislgarry,2014-04-03T15:45:02Z,2025-08-11T17:44:08Z,Assembly,343,0,56,326,62433
annotated_deep_learning_paper_implementations,labmlai,2020-08-25T02:29:34Z,2025-08-11T17:26:31Z,Python,101,0,24,113,62424
socket.io,socketio,2010-03-11T18:24:48Z,2025-08-11T18:41:52Z,TypeScript,435,75,194,3422,62284
sway,FuelLabs,2021-01-19T20:54:33Z,2025-08-11T16:52:38Z,Rust,3491,178,845,2446,62147
awesome-nodejs,sindresorhus,2014-07-11T13:35:34Z,2025-08-11T15:53:11Z,None,418,0,2,102,62134
ragflow,infiniflow,2023-12-12T06:13:13Z,2025-08-11T19:52:35Z,TypeScript,3623,29,2587,2261,62132
awesome-courses,prakhar1989,2014-11-15T18:36:49Z,2025-08-11T17:06:08Z,None,194,0,40,39,62095
OpenHands,All-Hands-AI,2024-03-13T03:33:31Z,2025-08-11T20:01:08Z,Python,4980,73,312,2875,61967
redux,reduxjs,2015-05-29T23:53:15Z,2025-08-11T15:14:05Z,TypeScript,1720,78,38,2024,61300
docusaurus,facebook,2017-06-20T16:13:53Z,2025-08-11T16:36:53Z,TypeScript,5481,151,293,3022,61247
lodash,lodash,2012-04-07T04:11:46Z,2025-08-11T17:52:09Z,JavaScript,581,2,83,4228,60827
Prompt-Engineering-Guide,dair-ai,2022-12-16T16:04:50Z,2025-08-11T19:25:07Z,MDX,337,0,151,71,60632
atom,atom,2012-01-20T18:18:21Z,2025-08-11T11:01:10Z,JavaScript,3933,538,962,16148,60564
Front-end-Developer-Interview-Questions,h5bp,2012-02-09T23:34:10Z,2025-08-11T20:05:03Z,Nunjucks,484,0,34,143,60481
architect-awesome,xingshaocheng,2018-04-06T13:30:58Z,2025-08-11T11:48:07Z,None,49,0,49,22,60370
open-interpreter,openinterpreter,2023-07-14T07:10:44Z,2025-08-11T17:38:34Z,Python,369,48,227,796,60235
localstack,localstack,2016-10-25T23:48:03Z,2025-08-11T19:58:19Z,Python,6187,94,239,5749,60050
markdown-here,adam-p,2012-05-13T03:27:22Z,2025-08-11T11:53:09Z,JavaScript,27,17,305,324,59996
alacritty,alacritty,2016-02-18T05:02:30Z,2025-08-11T19:37:08Z,Rust,1886,101,321,5796,59881
prometheus,prometheus,2012-11-24T11:14:12Z,2025-08-11T19:46:02Z,Go,7605,341,526,5633,59863
rustlings,rust-lang,2015-09-15T02:25:18Z,2025-08-11T17:34:27Z,Rust,912,45,49,686,59585
jquery,jquery,2009-04-03T15:20:14Z,2025-08-11T18:04:10Z,JavaScript,809,11,78,2284,59543
ghidra,NationalSecurityAgency,2019-03-01T03:27:48Z,2025-08-11T20:02:53Z,Java,519,45,1462,4052,59338
llm-course,mlabonne,2023-06-17T22:16:25Z,2025-08-11T20:03:35Z,None,1,0,54,29,59142
nerd-fonts,ryanoasis,2014-12-05T04:31:17Z,2025-08-11T19:31:50Z,CSS,550,38,26,1062,59100
shadowsocks-windows,shadowsocks,2013-01-14T07:54:16Z,2025-08-11T14:38:26Z,C#,290,55,185,2727,58963
angular.js,angular,2010-01-06T00:34:37Z,2025-08-10T09:20:16Z,JavaScript,789,0,391,8649,58758
tldr,tldr-pages,2013-12-08T07:34:43Z,2025-08-11T19:37:02Z,Markdown,14560,6,180,1333,58705
spring-framework,spring-projects,2010-12-08T04:04:45Z,2025-08-11T18:42:44Z,Java,870,339,270,26788,58642
llama,meta-llama,2023-02-14T09:29:12Z,2025-08-11T17:59:25Z,Python,53,0,442,652,58618
scrapy,scrapy,2010-02-22T02:01:14Z,2025-08-11T15:21:39Z,Python,2386,43,466,2712,57910
nuxt,nuxt,2016-10-26T11:18:47Z,2025-08-11T18:14:31Z,TypeScript,6866,256,767,15850,57904
MetaGPT,FoundationAgents,2023-06-30T09:04:55Z,2025-08-11T19:51:21Z,Python,660,22,9,853,57794
leetcode-master,youngyangyang04,2019-12-14T12:05:42Z,2025-08-11T18:03:04Z,Shell,2302,0,206,66,57706
fuel-core,FuelLabs,2020-08-27T21:12:14Z,2025-08-11T16:52:37Z,Rust,1553,123,142,970,57546
uBlock,gorhill,2015-04-01T17:51:11Z,2025-08-11T19:00:46Z,JavaScript,252,277,13,3432,57535
rails,rails,2008-04-11T02:19:47Z,2025-08-11T18:17:42Z,Ruby,25116,146,482,17703,57268
html5-boilerplate,h5bp,2010-01-24T18:03:24Z,2025-08-11T13:45:03Z,JavaScript,790,34,8,1346,57111
awesome-llm-apps,Shubhamsaboo,2024-04-29T05:30:25Z,2025-08-11T19:55:44Z,Python,130,0,4,85,56953
awesome-flutter,Solido,2017-05-07T11:45:27Z,2025-08-11T19:12:17Z,Dart,444,0,0,0,56787
private-gpt,zylon-ai,2023-05-02T09:15:31Z,2025-08-11T12:33:42Z,Python,224,10,252,961,56443
DeepLearning-500-questions,scutan90,2018-06-27T06:36:45Z,2025-08-11T17:32:59Z,JavaScript,302,0,110,81,56428
nocodb,nocodb,2017-10-29T18:51:48Z,2025-08-11T17:27:20Z,TypeScript,5227,173,621,3604,56354
you-get,soimort,2012-08-20T15:53:36Z,2025-08-11T14:46:09Z,Python,582,123,0,0,56299
drawio-desktop,jgraph,2017-05-25T20:58:42Z,2025-08-11T19:55:40Z,JavaScript,20,159,61,1569,56239
traefik,traefik,2015-09-13T19:04:02Z,2025-08-11T18:16:35Z,Go,4693,481,637,5705,56004
git,git,2008-07-23T14:21:26Z,2025-08-11T19:03:37Z,C,3,0,0,0,55985
LLaMA-Factory,hiyouga,2023-05-28T10:09:12Z,2025-08-11T17:07:23Z,Python,681,34,553,6696,55963
awesome-chatgpt-prompts-zh,PlexPt,2022-12-12T01:55:03Z,2025-08-11T16:18:12Z,None,33,0,38,58,55925
gatsby,gatsbyjs,2015-05-21T22:43:05Z,2025-08-11T18:14:01Z,JavaScript,18177,149,217,13899,55911
openpilot,commaai,2016-11-24T01:33:30Z,2025-08-11T15:20:05Z,Python,11725,57,132,2919,55731
leetcode,azl397985856,2018-03-30T09:13:51Z,2025-08-11T14:24:22Z,JavaScript,257,40,9,248,55554
react-router,remix-run,2014-05-16T22:22:51Z,2025-08-11T10:50:48Z,TypeScript,3153,309,97,8033,55336
face_recognition,ageitgey,2017-03-03T21:52:39Z,2025-08-11T18:12:11Z,Python,94,2,774,595,55225
Magisk,topjohnwu,2016-09-08T12:42:53Z,2025-08-11T19:47:15Z,Kotlin,1611,151,37,6217,55204
mkcert,FiloSottile,2018-06-25T05:33:03Z,2025-08-11T19:20:12Z,Go,52,14,105,239,55170
yolov5,ultralytics,2020-05-18T03:45:11Z,2025-08-11T14:52:48Z,Python,2204,10,258,9172,54969
vllm,vllm-project,2023-02-09T11:23:20Z,2025-08-11T19:57:26Z,Python,8393,70,1812,8283,54868
Real-Time-Voice-Cloning,CorentinJ,2019-05-26T08:56:15Z,2025-08-11T14:05:57Z,Python,48,0,205,896,54830
gpt-engineer,AntonOsika,2023-04-29T12:52:15Z,2025-08-11T17:51:54Z,Python,350,20,31,470,54685
minio,minio,2015-01-14T19:23:58Z,2025-08-11T19:33:38Z,Go,9851,519,37,7768,54499
faceswap,deepfakes,2017-12-19T09:44:13Z,2025-08-11T10:31:07Z,Python,357,4,34,847,54383
ripgrep,BurntSushi,2016-03-11T02:02:33Z,2025-08-11T19:10:21Z,Rust,516,72,131,1576,54320
element,ElemeFE,2016-09-03T06:19:26Z,2025-08-11T06:31:38Z,Vue,3231,145,2612,15250,54237
AFFiNE,toeverything,2022-07-31T18:45:21Z,2025-08-11T19:19:51Z,TypeScript,8686,559,255,2731,54190
zustand,pmndrs,2019-04-09T09:10:06Z,2025-08-11T19:29:09Z,TypeScript,804,97,3,686,54072
ChatGPT,lencx,2022-12-07T09:43:02Z,2025-08-11T18:03:18Z,Rust,123,34,834,361,53994
bat,sharkdp,2018-04-21T10:52:23Z,2025-08-11T19:45:00Z,Rust,1454,41,328,1186,53846
project-layout,golang-standards,2017-09-09T16:33:26Z,2025-08-11T17:05:34Z,Makefile,90,0,68,44,53432
normalize.css,necolas,2011-05-04T10:20:25Z,2025-08-11T10:12:44Z,CSS,56,0,56,461,53345
awesome-android-ui,wasabeef,2014-12-24T01:45:03Z,2025-08-11T13:59:47Z,None,90,0,20,94,53300
rich,Textualize,2019-11-10T15:28:09Z,2025-08-11T18:07:59Z,Python,836,170,207,1222,53257
hackingtool,Z4nzu,2020-04-11T09:21:31Z,2025-08-11T19:33:28Z,Python,56,0,52,321,53210
requests,psf,2011-02-13T18:38:17Z,2025-08-11T14:23:55Z,Python,1589,13,198,3860,53153
maybe,maybe-finance,2024-01-01T22:23:46Z,2025-08-11T20:06:33Z,Ruby,1073,28,0,0,52909
pi-hole,pi-hole,2014-06-08T15:02:55Z,2025-08-11T19:51:14Z,Shell,2104,118,34,3042,52895
astro,withastro,2021-03-15T17:19:47Z,2025-08-11T19:51:00Z,TypeScript,7307,1000,154,5393,52766
meilisearch,meilisearch,2018-04-23T11:45:28Z,2025-08-11T18:03:03Z,Rust,2138,263,214,2082,52695
PaddleOCR,PaddlePaddle,2020-05-08T10:38:16Z,2025-08-11T18:48:53Z,Python,2927,22,132,9731,52509
appwrite,appwrite,2019-04-08T16:36:25Z,2025-08-11T19:47:49Z,TypeScript,3813,112,620,3455,52237
FFmpeg,FFmpeg,2011-04-14T14:12:38Z,2025-08-11T19:30:22Z,C,16,0,0,0,52032
rclone,rclone,2014-03-16T16:19:57Z,2025-08-11T18:27:16Z,Go,2103,114,985,4791,51979
ionic-framework,ionic-team,2013-08-20T23:06:02Z,2025-08-11T17:00:52Z,TypeScript,6292,913,565,21479,51970
awesome-rust,rust-unofficial,2014-07-17T10:45:10Z,2025-08-11T19:05:33Z,Rust,1566,0,10,132,51963
material-design-icons,google,2014-10-08T18:01:28Z,2025-08-11T16:04:44Z,None,49,16,368,1157,51948
github-cheat-sheet,tiimgreen,2014-04-12T16:38:42Z,2025-08-11T19:25:30Z,None,129,0,23,48,51934
dive,wagoodman,2018-05-13T15:44:01Z,2025-08-11T17:04:10Z,Go,164,28,157,202,51653
pdf.js,mozilla,2011-04-26T06:32:03Z,2025-08-11T16:22:45Z,JavaScript,8081,76,401,9870,51533
segment-anything,facebookresearch,2023-03-23T17:03:03Z,2025-08-11T16:03:00Z,Jupyter Notebook,15,0,525,178,51496
core,vuejs,2018-06-12T13:49:36Z,2025-08-11T14:27:58Z,TypeScript,3206,245,667,5092,51257
Semantic-UI,Semantic-Org,2013-04-08T23:32:04Z,2025-08-11T12:06:47Z,JavaScript,355,154,966,5268,51192
Docker-OSX,sickcodes,2020-06-04T11:01:37Z,2025-08-11T17:41:08Z,Shell,107,0,386,281,51153
kotlin,JetBrains,2012-02-13T17:29:58Z,2025-08-11T19:04:20Z,Kotlin,2064,264,0,0,51069
guava,google,2014-05-29T16:23:17Z,2025-08-11T19:31:39Z,Java,1004,56,629,2990,51002
trackerslist,ngosang,2016-04-24T11:57:57Z,2025-08-11T18:05:37Z,None,1,0,6,479,50953
marktext,marktext,2017-11-12T16:05:25Z,2025-08-11T17:58:26Z,JavaScript,939,36,1268,1637,50840
prettier,prettier,2016-11-29T17:13:37Z,2025-08-11T13:24:49Z,JavaScript,8864,127,1217,5733,50828
joplin,laurent22,2017-01-16T21:49:41Z,2025-08-11T18:14:10Z,TypeScript,4362,383,531,6681,50736
crawl4ai,unclecode,2024-05-09T09:48:50Z,2025-08-11T19:25:08Z,Python,81,7,147,631,50735
powerlevel10k,romkatv,2019-02-24T19:09:45Z,2025-08-11T19:14:58Z,Shell,167,33,106,2466,50471
jekyll,jekyll,2008-10-20T06:29:03Z,2025-08-11T17:34:36Z,Ruby,3188,112,116,4781,50449
starship,starship,2019-04-02T03:23:12Z,2025-08-11T19:54:28Z,Rust,2888,135,734,1770,50414
grok-1,xai-org,2024-03-17T08:53:38Z,2025-08-11T08:30:50Z,Python,5,0,0,0,50405
Ghost,TryGhost,2013-05-04T11:09:13Z,2025-08-11T19:40:32Z,JavaScript,14223,898,57,7059,50250
DefinitelyTyped,DefinitelyTyped,2012-10-05T16:39:45Z,2025-08-11T19:09:05Z,TypeScript,52068,1,566,7521,50177
ImHex,WerWolv,2020-11-10T14:27:00Z,2025-08-11T19:46:57Z,C++,667,80,235,1177,50034
etcd,etcd-io,2013-07-06T21:57:21Z,2025-08-11T18:25:17Z,Go,9746,259,179,6810,50016
gitea,go-gitea,2016-11-01T02:13:26Z,2025-08-11T19:08:17Z,Go,17747,215,2574,12281,50015
GPT-SoVITS,RVC-Boss,2024-01-14T18:05:21Z,2025-08-11T17:43:05Z,Python,338,4,706,1175,49912
chinese-poetry,chinese-poetry,2016-09-02T03:32:25Z,2025-08-11T20:06:07Z,JavaScript,137,1,118,92,49900
bulma,jgthms,2016-01-23T23:48:34Z,2025-08-11T12:45:30Z,CSS,642,22,327,2394,49883
first-contributions,firstcontributions,2016-09-20T14:35:09Z,2025-08-11T19:51:57Z,None,85587,0,21,907,49846
pocketbase,pocketbase,2022-07-05T06:06:21Z,2025-08-11T17:51:04Z,Go,53,220,18,1817,49816
awesome-ios,vsouza,2014-07-10T16:03:45Z,2025-08-11T17:42:01Z,Swift,2233,0,2,486,49577
go-ethereum,ethereum,2013-12-26T13:05:46Z,2025-08-11T19:32:28Z,Go,8211,219,199,8274,49484
hiring-without-whiteboards,poteto,2017-03-15T05:09:01Z,2025-08-11T09:37:52Z,JavaScript,1300,0,0,0,49113
cline,cline,2024-07-06T07:28:10Z,2025-08-11T19:38:15Z,TypeScript,1531,139,460,1696,49009
OpenBB,OpenBB-finance,2020-12-20T10:46:38Z,2025-08-11T20:03:43Z,Python,4114,46,49,2194,48946
OpenManus,FoundationAgents,2025-03-06T14:08:14Z,2025-08-11T14:41:57Z,Python,106,3,399,304,48892
mastodon,mastodon,2016-02-22T15:01:25Z,2025-08-11T18:26:24Z,Ruby,17642,289,4017,8214,48858
cypress,cypress-io,2015-03-04T00:46:28Z,2025-08-11T16:00:53Z,TypeScript,7292,372,1286,13761,48814
Motrix,agalwood,2018-12-18T11:45:05Z,2025-08-11T15:55:30Z,JavaScript,192,21,745,593,48792
hacker-scripts,NARKOZ,2015-11-21T19:05:09Z,2025-08-11T19:11:02Z,JavaScript,63,0,35,53,48643
awesome-wechat-weapp,justjavac,2016-09-22T20:04:48Z,2025-08-11T14:36:57Z,None,277,0,0,0,48569
autogen,microsoft,2023-08-18T11:43:45Z,2025-08-11T18:14:29Z,Python,2485,95,391,2453,48555
30-Days-Of-Python,Asabeneh,2019-11-19T17:24:16Z,2025-08-11T19:57:12Z,Python,61,0,53,79,48382
alist,AlistGo,2020-12-23T17:40:29Z,2025-08-11T16:35:16Z,Go,854,135,548,3783,48328
RxJava,ReactiveX,2013-01-08T20:11:48Z,2025-08-11T07:45:49Z,Java,3323,241,12,3162,48229
PowerShell,PowerShell,2016-01-13T23:41:35Z,2025-08-11T19:45:08Z,C#,7540,186,1095,11903,48162
dayjs,iamkun,2018-04-10T09:26:44Z,2025-08-11T19:50:16Z,JavaScript,694,119,921,849,48104
moment,moment,2011-03-01T02:46:06Z,2025-08-11T06:24:11Z,JavaScript,714,0,242,3911,48095
100-Days-Of-ML-Code,Avik-Jain,2018-07-05T09:11:43Z,2025-08-11T14:25:11Z,None,6,0,0,0,47957
professional-programming,charlax,2015-11-07T05:07:52Z,2025-08-11T15:09:51Z,Python,39,0,0,29,47903
vaultwarden,dani-garcia,2018-02-17T22:40:20Z,2025-08-11T18:37:48Z,Rust,990,73,7,2346,47804
anything-llm,Mintplex-Labs,2023-06-04T02:29:14Z,2025-08-11T19:54:39Z,JavaScript,1068,19,252,2468,47729
algorithm-visualizer,algorithm-visualizer,2016-05-15T00:27:45Z,2025-08-11T13:50:59Z,JavaScript,183,0,41,76,47621
julia,JuliaLang,2011-04-21T07:01:50Z,2025-08-11T17:11:54Z,Julia,25768,181,3976,21347,47455
big-list-of-naughty-strings,minimaxir,2015-08-08T20:57:20Z,2025-08-11T18:18:54Z,Python,90,0,69,32,47379
ChinaTextbook,TapXWorld,2020-01-05T04:11:06Z,2025-08-11T19:39:31Z,Roff,1,0,58,52,47025
huginn,huginn,2013-03-10T06:00:31Z,2025-08-11T18:54:50Z,Ruby,1043,1,601,1569,47012
serverless,serverless,2015-04-21T03:48:40Z,2025-08-11T13:03:55Z,JavaScript,4717,453,1131,5382,46816
json,nlohmann,2013-07-04T08:47:49Z,2025-08-11T18:45:49Z,C++,891,45,39,2296,46790
gogs,gogs,2014-02-12T01:57:08Z,2025-08-11T15:42:11Z,Go,1766,84,934,4223,46751
design-patterns-for-humans,kamranahmedse,2017-02-16T21:24:39Z,2025-08-11T13:12:07Z,None,50,0,5,47,46716
Projects,karan,2013-07-04T13:37:27Z,2025-08-11T18:13:51Z,None,19,0,47,35,46716
x64dbg,x64dbg,2015-04-11T20:48:23Z,2025-08-11T17:16:43Z,C++,736,3,605,2017,46670
ladybird,LadybirdBrowser,2024-05-30T09:18:10Z,2025-08-11T19:41:15Z,C++,4146,0,492,624,46642
firecrawl,mendableai,2024-04-15T21:02:29Z,2025-08-11T20:05:40Z,TypeScript,795,22,141,520,46581
okhttp,square,2012-07-23T13:42:55Z,2025-08-11T13:10:49Z,Kotlin,3753,0,47,4130,46575
react,typescript-cheatsheets,2018-06-02T04:08:16Z,2025-08-11T20:01:44Z,JavaScript,369,0,2,219,46530
v2ray-core,v2ray,2015-09-04T11:42:53Z,2025-08-11T06:24:59Z,Go,203,247,7,2583,46267
pandas,pandas-dev,2010-08-24T01:37:33Z,2025-08-11T17:31:49Z,Python,26885,111,3592,24050,46252
type-challenges,type-challenges,2020-07-23T14:33:11Z,2025-08-11T17:53:25Z,TypeScript,588,0,32327,3831,46225
query,TanStack,2019-09-10T19:23:58Z,2025-08-11T19:15:00Z,TypeScript,2883,1000,65,2096,46218
learn-regex,ziishaned,2017-07-22T12:21:03Z,2025-08-11T07:40:39Z,None,131,0,52,35,46055
open-source-ios-apps,dkhamsing,2015-01-26T23:32:34Z,2025-08-11T17:15:09Z,None,1398,37,0,310,46037
terraform,hashicorp,2014-03-13T22:25:48Z,2025-08-11T18:41:01Z,Go,12767,376,1826,19644,46014
Fooocus,lllyasviel,2023-08-09T18:43:40Z,2025-08-11T19:34:57Z,Python,447,21,210,1399,45992
quill,slab,2012-07-30T23:23:18Z,2025-08-11T19:46:39Z,TypeScript,381,95,505,3266,45910
lx-music-desktop,lyswhut,2019-08-14T14:31:08Z,2025-08-11T17:10:25Z,TypeScript,86,110,945,1235,45673
htmx,bigskysoftware,2020-04-13T16:17:51Z,2025-08-11T19:58:52Z,JavaScript,956,26,563,1005,45609
lazydocker,jesseduffield,2019-05-18T08:53:50Z,2025-08-11T18:37:53Z,Go,186,42,171,189,45569
pixijs,pixijs,2013-01-21T22:40:50Z,2025-08-11T16:33:42Z,TypeScript,3666,293,243,5734,45521
kubernetes-the-hard-way,kelseyhightower,2016-07-07T14:15:27Z,2025-08-11T19:11:18Z,None,73,0,12,414,45408
architecture-samples,android,2016-02-05T13:42:07Z,2025-08-11T14:36:29Z,Kotlin,232,0,138,348,45225
PythonDataScienceHandbook,jakevdp,2016-08-10T14:24:36Z,2025-08-11T18:28:32Z,Jupyter Notebook,28,0,125,78,45192
awesome-react-components,brillout,2016-06-24T15:19:33Z,2025-08-11T19:05:07Z,None,324,0,8,44,45152
jadx,skylot,2013-03-18T17:08:21Z,2025-08-11T19:25:42Z,Java,575,31,386,1524,45058
jest,jestjs,2013-12-10T00:18:04Z,2025-08-11T18:17:10Z,TypeScript,5701,208,249,7858,44957
odoo,odoo,2014-05-13T15:38:58Z,2025-08-11T19:14:58Z,Python,6181,0,3276,15101,44956
30-Days-Of-JavaScript,Asabeneh,2019-12-23T14:07:40Z,2025-08-11T12:12:07Z,JavaScript,98,0,115,59,44912
AdminLTE,ColorlibHQ,2013-12-25T02:52:40Z,2025-08-11T12:39:48Z,CSS,1545,77,140,2742,44903
open-source-mac-os-apps,serhii-londar,2017-11-03T02:35:33Z,2025-08-11T17:24:09Z,None,525,0,50,161,44801
discourse,discourse,2013-01-12T00:25:55Z,2025-08-11T19:59:13Z,Ruby,29845,0,0,0,44770
dbeaver,dbeaver,2015-10-21T08:26:28Z,2025-08-11T16:45:34Z,Java,6058,229,3024,16289,44761
typst,typst,2019-09-24T21:41:56Z,2025-08-11T20:00:17Z,Rust,1805,22,899,2554,44760
meteor,meteor,2012-01-19T01:58:17Z,2025-08-11T15:53:58Z,JavaScript,2527,0,258,8945,44675
text-generation-webui,oobabooga,2022-12-21T04:17:37Z,2025-08-11T17:09:12Z,Python,1178,78,2582,1411,44659
awesome-java,akullpp,2014-07-09T10:12:43Z,2025-08-11T17:01:24Z,None,714,0,0,136,44652
brew,Homebrew,2016-03-06T05:08:38Z,2025-08-11T19:55:29Z,Ruby,12903,439,28,4748,44506
zx,google,2021-05-05T05:50:01Z,2025-08-11T20:06:56Z,JavaScript,538,95,13,475,44451
frontend-dev-bookmarks,dypsilon,2013-06-22T13:23:55Z,2025-08-11T19:53:42Z,None,129,1,25,82,44450
ultralytics,ultralytics,2022-09-11T16:39:45Z,2025-08-11T20:07:02Z,Python,3471,251,246,11357,44235
coolify,coollabsio,2021-01-25T20:54:01Z,2025-08-11T19:39:31Z,PHP,1638,619,559,2218,44162
hyper,vercel,2016-07-01T06:01:21Z,2025-08-11T19:28:06Z,TypeScript,3291,88,942,2872,44161
CppCoreGuidelines,isocpp,2015-08-19T20:22:52Z,2025-08-11T19:26:09Z,CSS,812,4,247,964,44052
termux-app,termux,2015-10-23T09:42:46Z,2025-08-11T19:20:28Z,Java,162,95,396,2516,44014
parcel,parcel-bundler,2017-08-07T16:36:47Z,2025-08-11T19:08:34Z,JavaScript,2591,48,476,5009,43925
unsloth,unslothai,2023-11-29T16:50:09Z,2025-08-11T19:34:37Z,Python,466,16,700,1704,43801
build-web-application-with-golang,astaxie,2012-08-02T11:49:35Z,2025-08-11T11:27:54Z,Go,757,0,121,183,43742
babel,babel,2014-09-28T13:38:23Z,2025-08-11T17:20:34Z,TypeScript,6275,441,598,8397,43686
TensorFlow-Examples,aymericdamien,2015-11-11T14:21:19Z,2025-08-11T13:48:36Z,Jupyter Notebook,88,0,167,70,43679
v2rayNG,2dust,2019-05-15T02:15:31Z,2025-08-11T19:23:58Z,Kotlin,489,253,9,3394,43676
awesome-design-patterns,DovAmir,2018-06-04T17:47:48Z,2025-08-11T19:43:42Z,None,30,0,10,5,43670
retrofit,square,2010-09-06T21:39:43Z,2025-08-11T17:13:55Z,HTML,1175,4,127,2620,43660
acme.sh,acmesh-official,2015-12-26T12:56:33Z,2025-08-11T17:21:00Z,Shell,1419,44,1080,2228,43655
fuels-rs,FuelLabs,2021-10-31T22:33:54Z,2025-08-11T16:52:38Z,Rust,896,117,49,609,43640
fuels-ts,FuelLabs,2021-09-03T18:11:03Z,2025-08-11T16:52:38Z,TypeScript,1969,154,58,1398,43628
react-hook-form,react-hook-form,2019-03-05T23:47:10Z,2025-08-11T16:58:49Z,TypeScript,2070,585,70,4761,43628
llama_index,run-llama,2022-11-02T04:24:54Z,2025-08-11T19:51:35Z,Python,6963,402,231,6362,43621
JeecgBoot,jeecgboot,2018-11-26T10:40:00Z,2025-08-11T17:52:52Z,Java,120,61,18,7513,43595
monaco-editor,microsoft,2016-06-07T16:56:31Z,2025-08-11T16:56:36Z,JavaScript,467,91,677,3153,43560
nanoGPT,karpathy,2022-12-28T00:51:12Z,2025-08-11T20:07:54Z,Python,45,0,226,108,43518
memos,usememos,2021-12-08T15:30:18Z,2025-08-11T18:17:09Z,Go,1788,80,26,2424,43511
prisma,prisma,2019-06-20T13:33:47Z,2025-08-11T19:58:05Z,TypeScript,6317,222,2300,9034,43483
grpc,grpc,2014-12-08T18:58:53Z,2025-08-11T18:25:23Z,C++,19980,355,674,11115,43476
front-end-interview-handbook,yangshun,2018-01-13T19:40:08Z,2025-08-11T13:53:10Z,MDX,345,0,10,91,43404
react-use,streamich,2018-10-27T10:16:05Z,2025-08-11T17:04:49Z,TypeScript,1525,256,353,244,43396
Leaflet,Leaflet,2010-09-22T16:57:44Z,2025-08-11T15:48:31Z,JavaScript,3090,32,391,4879,43354
awesome-cheatsheets,LeCoupa,2017-11-09T02:47:15Z,2025-08-11T17:31:28Z,JavaScript,169,0,36,59,43285
metabase,metabase,2015-02-02T19:25:47Z,2025-08-11T20:07:50Z,Clojure,33706,674,3579,19405,43189
Rocket.Chat,RocketChat,2015-05-19T07:36:09Z,2025-08-11T19:58:40Z,TypeScript,14415,1000,2584,13762,43171
pyenv,pyenv,2012-08-31T06:57:52Z,2025-08-11T18:13:48Z,Roff,971,131,51,1804,42874
edex-ui,GitSquared,2017-01-28T09:35:02Z,2025-08-11T16:31:52Z,JavaScript,399,29,6,553,42786
reactjs-interview-questions,sudheerj,2018-05-31T17:17:01Z,2025-08-11T20:04:13Z,JavaScript,162,0,3,107,42728
jellyfin,jellyfin,2018-12-09T06:36:45Z,2025-08-11T19:46:18Z,C#,4809,90,384,6863,42579
Flowise,FlowiseAI,2023-03-31T12:23:09Z,2025-08-11T19:32:32Z,TypeScript,1319,73,591,1621,42540
pm2,Unitech,2013-05-21T03:25:25Z,2025-08-11T17:34:33Z,JavaScript,551,128,999,4078,42453
git-flight-rules,k88hudson,2014-07-22T20:35:09Z,2025-08-11T19:26:13Z,None,225,0,18,55,42408
nvm-windows,coreybutler,2014-09-20T16:37:28Z,2025-08-11T19:57:17Z,Go,107,23,78,847,42337
expo,expo,2016-08-15T17:14:25Z,2025-08-11T20:04:21Z,TypeScript,17692,0,424,16487,42314
ClickHouse,ClickHouse,2016-06-02T08:28:18Z,2025-08-11T19:39:14Z,C++,50039,670,4330,20487,42265
whisper.cpp,ggml-org,2022-09-25T18:26:37Z,2025-08-11T19:44:26Z,C++,859,27,914,828,42166
what-happens-when,alex,2013-11-07T04:30:06Z,2025-08-11T13:24:44Z,None,108,0,239,53,42136
Alamofire,Alamofire,2014-07-31T05:56:19Z,2025-08-11T18:05:30Z,Swift,650,102,42,2757,42049
TTS,coqui-ai,2020-05-20T15:45:28Z,2025-08-11T18:22:25Z,Python,465,98,3,1185,41972
python-patterns,faif,2012-06-06T21:02:35Z,2025-08-11T19:53:28Z,Python,273,0,10,83,41915
Made-With-ML,GokuMohandas,2018-11-05T03:44:27Z,2025-08-11T19:31:45Z,Jupyter Notebook,147,0,16,58,41818
CPlusPlusThings,Light-City,2019-07-14T08:45:45Z,2025-08-11T17:07:06Z,C++,72,0,9,218,41793
MinerU,opendatalab,2024-02-29T08:52:34Z,2025-08-11T19:39:50Z,Python,1015,120,122,1532,41719
sentry,getsentry,2010-08-30T22:06:41Z,2025-08-11T20:03:05Z,Python,72396,153,2150,13537,41701
spark,apache,2014-02-25T08:00:08Z,2025-08-11T19:31:58Z,Scala,8,0,0,0,41634
yarn,yarnpkg,2016-01-19T17:39:16Z,2025-08-10T16:32:29Z,JavaScript,1654,152,1875,4731,41553
kong,Kong,2014-11-17T23:56:08Z,2025-08-11T17:08:31Z,Lua,6478,145,71,4485,41516
stablediffusion,Stability-AI,2022-11-23T23:59:50Z,2025-08-11T15:20:55Z,Python,17,0,248,76,41512
airflow,apache,2015-04-13T18:04:58Z,2025-08-11T20:04:35Z,Python,29050,102,1297,11057,41507
ruff,astral-sh,2022-08-09T17:17:44Z,2025-08-11T19:58:38Z,Rust,11068,374,1485,5603,41500
iina,iina,2016-12-19T07:18:45Z,2025-08-11T17:58:22Z,Swift,850,45,1755,2426,41462
EasySpider,NaiboWang,2020-07-18T02:41:27Z,2025-08-11T19:32:43Z,JavaScript,40,10,222,484,41416
cobra,spf13,2013-09-03T20:40:26Z,2025-08-11T19:22:27Z,Go,614,24,225,985,41405
diagrams,mingrammer,2020-02-02T15:23:24Z,2025-08-11T19:21:17Z,Python,326,44,311,221,41305
freqtrade,freqtrade,2017-05-17T23:48:53Z,2025-08-11T20:07:50Z,Python,5874,100,28,5288,41305
swiper,nolimits4web,2012-03-14T19:11:45Z,2025-08-11T15:39:43Z,JavaScript,604,87,211,5537,41294
ailearning,apachecn,2017-02-25T08:53:02Z,2025-08-11T10:24:15Z,Python,478,2,3,112,41241
tldraw,tldraw,2021-05-09T11:48:37Z,2025-08-11T17:42:11Z,TypeScript,3513,79,218,1511,41231
dubbo,apache,2012-06-19T07:56:02Z,2025-08-11T05:26:24Z,Java,5784,111,799,6471,41200
vue2-elm,bailicangdu,2016-12-23T01:49:20Z,2025-08-11T10:38:32Z,Vue,21,0,118,512,41147
ChatGLM-6B,zai-org,2023-03-13T12:00:18Z,2025-08-11T19:44:18Z,Python,48,0,557,751,41112
ColossalAI,hpcaitech,2021-10-28T16:19:44Z,2025-08-11T12:28:35Z,Python,3697,50,432,1292,41074
uni-app,dcloudio,2018-07-12T08:52:39Z,2025-08-11T13:40:43Z,JavaScript,449,0,691,4218,41026
nw.js,nwjs,2012-01-04T06:21:10Z,2025-08-11T19:03:06Z,JavaScript,575,0,919,6474,41007
Pake,tw93,2022-10-14T09:32:57Z,2025-08-11T14:21:32Z,Rust,99,31,55,342,40981
spotube,KRTirtho,2021-02-14T03:17:58Z,2025-08-11T16:46:39Z,Dart,245,40,781,1082,40959
bevy,bevyengine,2020-01-18T21:13:55Z,2025-08-11T19:54:34Z,Rust,6090,43,2373,4784,40957
styled-components,styled-components,2016-08-16T06:41:32Z,2025-08-11T09:50:48Z,TypeScript,966,176,301,2651,40859
streamlit,streamlit,2019-08-24T00:14:52Z,2025-08-11T19:59:14Z,Python,5594,104,1110,4247,40844
black,psf,2018-03-14T19:54:45Z,2025-08-11T19:59:50Z,Python,1582,46,329,2393,40790
jsoncrack.com,AykutSarac,2022-01-30T15:25:18Z,2025-08-11T20:01:56Z,TypeScript,85,22,31,234,40779
awesome-compose,docker,2020-02-13T08:51:42Z,2025-08-11T15:38:38Z,HTML,149,0,87,40,40728
vuetify,vuetifyjs,2016-09-12T00:39:35Z,2025-08-11T17:18:16Z,TypeScript,4385,604,492,14389,40659
hexo,hexojs,2012-09-23T15:17:08Z,2025-08-11T14:54:39Z,TypeScript,943,114,73,3912,40629
TrafficMonitor,zhongyang219,2017-07-30T02:51:17Z,2025-08-11T17:52:14Z,C++,63,26,1168,712,40423
zig,ziglang,2015-08-06T00:51:28Z,2025-08-11T19:27:56Z,Zig,9117,20,3400,9630,40396
fastlane,fastlane,2014-12-02T17:00:38Z,2025-08-11T14:47:45Z,Ruby,6234,552,679,12500,40393
fanqiang,bannedbook,2015-01-14T00:34:25Z,2025-08-11T13:46:51Z,Kotlin,3,3,327,465,40241
cli,cli,2019-10-03T15:24:53Z,2025-08-11T18:02:22Z,Go,2587,173,833,4269,40184
mitmproxy,mitmproxy,2010-02-16T04:10:13Z,2025-08-11T19:12:41Z,Python,2628,76,334,3225,40118
tabler,tabler,2018-02-01T09:08:59Z,2025-08-11T16:35:28Z,HTML,722,51,84,1004,39922
pure-bash-bible,dylanaraps,2018-06-13T01:39:33Z,2025-08-11T19:07:30Z,Shell,28,0,44,33,39909
Summer2026-Internships,SimplifyJobs,2020-05-23T20:53:18Z,2025-08-11T19:58:47Z,None,1673,0,3,3333,39896
WeChatMsg,LC044,2023-01-11T05:03:49Z,2025-08-11T13:24:14Z,None,62,0,0,0,39873
cheat.sh,chubin,2017-05-07T21:40:56Z,2025-08-11T17:24:04Z,Python,129,0,124,133,39851
chinese-independent-developer,1c7,2017-09-21T11:08:23Z,2025-08-11T15:09:54Z,None,310,0,1,196,39800
DeepSpeed,deepspeedai,2020-01-23T18:35:18Z,2025-08-11T19:12:58Z,Python,2733,97,1085,2080,39703
GitHubDaily,GitHubDaily,2018-12-30T13:56:58Z,2025-08-11T15:51:47Z,None,3,0,397,176,39547
AI-For-Beginners,microsoft,2021-03-03T16:27:36Z,2025-08-11T18:40:37Z,Jupyter Notebook,168,0,27,106,39541
penpot,penpot,2015-12-29T22:09:07Z,2025-08-11T19:48:21Z,Clojure,4461,59,481,1427,39526
50projects50days,bradtraversy,2020-11-16T14:39:01Z,2025-08-11T18:28:39Z,CSS,44,0,0,0,39512
chakra-ui,chakra-ui,2019-08-17T14:27:54Z,2025-08-11T18:36:57Z,TypeScript,2806,1000,2,4142,39506
zod,colinhacks,2020-03-07T20:59:08Z,2025-08-11T19:54:35Z,TypeScript,832,179,194,2488,39468
gradio,gradio-app,2018-12-19T08:24:04Z,2025-08-11T19:24:43Z,Python,4725,1000,431,5479,39419
bert,google-research,2018-10-25T22:57:34Z,2025-08-11T15:02:31Z,Python,32,0,790,355,39410
wrk,wg,2012-03-20T11:12:28Z,2025-08-11T14:05:45Z,C,0,0,144,262,39359
php-src,php,2011-06-16T01:52:25Z,2025-08-11T18:47:14Z,C,4222,23,823,3469,39342
awesome-remote-job,lukasz-madon,2015-01-02T00:31:34Z,2025-08-11T19:11:26Z,None,592,0,4,75,39314
helix,helix-editor,2020-06-01T04:26:56Z,2025-08-11T19:59:18Z,Rust,4223,30,836,4525,39312
zju-icicles,QSCTech,2016-06-28T16:17:32Z,2025-08-11T15:15:04Z,HTML,224,0,9,69,39299
slidev,slidevjs,2021-04-24T01:25:23Z,2025-08-11T19:39:22Z,TypeScript,704,394,139,1071,39285
ai-hedge-fund,virattt,2024-11-29T16:30:01Z,2025-08-11T20:06:05Z,Python,33,0,18,196,39231
Deep-Learning-Papers-Reading-Roadmap,floodsung,2016-10-14T11:49:48Z,2025-08-11T13:16:42Z,Python,28,0,52,5,39214
esbuild,evanw,2016-06-14T16:08:50Z,2025-08-11T13:33:20Z,Go,246,300,517,3237,39208
English-level-up-tips,byoungd,2017-05-30T07:18:52Z,2025-08-11T14:27:24Z,HTML,26,0,29,72,39075
fd,sharkdp,2017-05-09T21:27:10Z,2025-08-11T18:14:13Z,Rust,648,40,129,786,39021
video.js,videojs,2010-05-14T18:45:10Z,2025-08-11T17:34:55Z,JavaScript,1801,332,577,4806,39018
MoneyPrinterTurbo,harry0703,2024-03-11T02:57:34Z,2025-08-11T17:56:58Z,Python,136,9,179,391,39014
FastChat,lm-sys,2023-03-19T00:18:02Z,2025-08-11T20:04:44Z,Python,849,14,833,1066,38972
materialize,Dogfalo,2014-09-12T19:35:38Z,2025-08-11T15:53:44Z,JavaScript,449,41,623,4599,38953
legado,gedoor,2019-05-22T04:18:58Z,2025-08-11T18:55:27Z,Kotlin,1134,115,37,2917,38866
tidb,pingcap,2015-09-06T04:01:52Z,2025-08-11T13:22:02Z,Go,33006,209,4059,17176,38866
vim,vim,2015-08-18T21:03:56Z,2025-08-11T19:58:53Z,Vim Script,440,0,1516,7379,38713
pandoc,jgm,2010-03-20T20:34:23Z,2025-08-11T15:10:52Z,Haskell,1679,147,981,6990,38709
gorm,go-gorm,2013-10-25T08:31:38Z,2025-08-11T14:13:04Z,Go,753,5,447,5547,38681
winutil,ChrisTitusTech,2022-04-28T02:25:19Z,2025-08-11T19:55:36Z,PowerShell,846,22,189,1705,38647
upscayl,upscayl,2022-07-30T17:19:20Z,2025-08-11T16:22:35Z,TypeScript,100,29,55,889,38568
curl,curl,2010-03-18T22:32:22Z,2025-08-11T19:05:30Z,C,198,91,13,5127,38510
tmux,tmux,2015-06-03T23:32:55Z,2025-08-11T19:53:36Z,C,1,37,62,3645,38506
chatgpt-on-wechat,zhayujie,2022-08-07T08:33:41Z,2025-08-11T14:50:02Z,Python,261,63,299,1697,38458
aria2,aria2,2010-11-27T09:41:48Z,2025-08-11T19:53:52Z,C++,252,24,1064,824,38422
ray,ray-project,2016-10-25T19:38:30Z,2025-08-11T19:19:29Z,Python,26948,108,2708,18149,38420
styleguide,google,2015-05-20T19:18:59Z,2025-08-11T18:27:57Z,HTML,194,0,115,239,38415
bark,suno-ai,2023-04-07T19:34:48Z,2025-08-11T18:14:27Z,Jupyter Notebook,19,0,229,239,38358
remote-jobs,remoteintech,2015-10-13T03:49:25Z,2025-08-11T18:59:39Z,JavaScript,1283,0,22,168,38310
phaser,phaserjs,2013-04-12T12:27:51Z,2025-08-11T16:33:16Z,JavaScript,1729,171,82,4468,38269
quivr,QuivrHQ,2023-05-12T23:53:30Z,2025-08-11T19:07:58Z,Python,1819,354,2,1533,38257
daisyui,saadeghi,2020-11-28T22:57:27Z,2025-08-11T14:05:48Z,Svelte,425,100,46,1917,38240
RSSHub,DIYgod,2018-04-02T14:43:21Z,2025-08-11T19:10:44Z,TypeScript,11010,0,346,5730,38239
trpc,trpc,2020-07-18T01:17:11Z,2025-08-11T18:17:20Z,TypeScript,3701,217,140,1137,38169
photoprism,photoprism,2018-01-27T12:00:15Z,2025-08-11T19:03:10Z,Go,809,78,422,1954,38093
mem0,mem0ai,2023-06-20T08:58:36Z,2025-08-11T18:37:19Z,Python,1637,264,382,691,38087
Files,files-community,2019-01-04T18:19:14Z,2025-08-11T19:29:05Z,C#,5321,123,493,10082,38081
MPAndroidChart,PhilJay,2014-04-25T14:29:47Z,2025-08-11T13:33:01Z,Java,191,44,2064,2898,38068
impress.js,impress,2011-12-28T22:23:19Z,2025-08-11T16:03:09Z,JavaScript,120,15,52,431,38023
free,freefq,2020-06-07T02:48:33Z,2025-08-11T15:40:20Z,None,0,0,531,214,38001
plane,makeplane,2022-11-19T12:55:01Z,2025-08-11T18:33:08Z,TypeScript,5562,48,454,856,37986
leveldb,google,2014-08-27T21:17:52Z,2025-08-11T14:05:29Z,C++,64,21,239,537,37973
logseq,logseq,2020-05-23T00:06:06Z,2025-08-11T19:54:06Z,Clojure,3060,150,1235,6677,37920
shellcheck,koalaman,2012-11-17T03:15:11Z,2025-08-11T19:31:07Z,Haskell,306,30,1127,1718,37908
preact,preactjs,2015-09-11T02:40:18Z,2025-08-11T19:24:45Z,JavaScript,1911,229,54,1838,37858
appsmith,appsmithorg,2020-06-30T04:07:36Z,2025-08-11T18:35:02Z,TypeScript,13943,289,4343,19222,37661
ccxt,ccxt,2017-05-14T15:41:56Z,2025-08-11T20:00:44Z,Python,13320,170,822,10080,37575
cal.com,calcom,2021-03-22T13:47:42Z,2025-08-11T18:55:08Z,TypeScript,10434,498,1125,6901,37546
python-cheatsheet,gto76,2018-01-25T04:16:53Z,2025-08-11T19:01:50Z,Python,14,0,5,60,37530
Awesome-Design-Tools,goabstract,2019-02-12T13:55:30Z,2025-08-11T14:26:23Z,JavaScript,283,0,18,25,37478
ChatTTS,2noise,2024-05-27T18:26:49Z,2025-08-11T14:29:35Z,Python,215,6,68,586,37462
freecodecamp.cn,FreeCodeCampChina,2016-09-30T03:13:43Z,2025-08-11T12:08:54Z,CSS,55,0,141,445,37452
Open-Assistant,LAION-AI,2022-12-13T05:24:17Z,2025-08-11T09:00:09Z,Python,1614,127,228,1417,37432
novu,novuhq,2021-08-26T15:22:44Z,2025-08-11T14:51:07Z,TypeScript,5956,46,225,1388,37409
system-design,karanpratapsingh,2022-08-15T18:59:54Z,2025-08-11T19:49:36Z,None,11,0,1,21,37397
ant-design-pro,ant-design,2017-08-25T10:40:44Z,2025-08-11T19:34:18Z,TypeScript,1008,26,153,9600,37381
fiber,gofiber,2020-01-16T03:59:20Z,2025-08-11T15:47:23Z,Go,1785,127,90,1480,37356
tutorials,eugenp,2013-04-29T18:26:36Z,2025-08-11T20:04:18Z,Java,13353,0,17,772,37221
lapce,lapce,2018-02-06T08:41:06Z,2025-08-11T19:54:46Z,Rust,1171,32,798,1177,37142
istio,istio,2016-11-18T23:57:21Z,2025-08-11T18:04:33Z,Go,28366,392,466,20648,37127
tesseract.js,naptha,2015-06-24T02:49:52Z,2025-08-11T15:23:51Z,JavaScript,195,56,31,695,37015
Free-Certifications,cloudcommunity,2020-07-31T10:26:19Z,2025-08-11T19:46:21Z,None,114,0,37,69,37009
GFPGAN,TencentARC,2021-03-19T06:18:20Z,2025-08-11T17:24:59Z,Python,14,8,364,133,36975
interview_internal_reference,0voice,2019-06-10T06:54:19Z,2025-08-11T09:50:29Z,Python,35,0,30,19,36967
aspnetcore,dotnet,2014-03-11T06:09:42Z,2025-08-11T19:59:36Z,C#,17690,257,3605,33948,36954
docs,inkonchain,2024-05-07T16:49:36Z,2025-08-11T16:52:38Z,MDX,393,0,20,13,36928
insomnia,Kong,2016-04-23T03:54:26Z,2025-08-11T18:09:32Z,TypeScript,3315,522,678,3192,36893
node,inkonchain,2024-05-13T23:20:40Z,2025-08-11T16:52:38Z,Shell,35,6,10,13,36888
windows,dockur,2024-01-14T13:09:40Z,2025-08-11T18:16:57Z,Shell,411,104,92,736,36852
payload,payloadcms,2021-01-05T18:49:45Z,2025-08-11T17:56:52Z,TypeScript,5753,519,395,3317,36837
devdocs,freeCodeCamp,2013-10-24T18:16:07Z,2025-08-11T18:13:52Z,Ruby,923,0,191,1039,36831
wtfjs,denysdovhan,2017-07-14T15:42:12Z,2025-08-11T19:49:21Z,JavaScript,125,25,20,95,36827
ink-kit,inkonchain,2024-11-04T16:32:17Z,2025-08-11T16:52:38Z,TypeScript,90,0,1,3,36795
taro,NervJS,2018-04-08T09:32:26Z,2025-08-11T13:37:06Z,TypeScript,3390,200,1521,10991,36792
deeplearningbook-chinese,exacity,2016-12-07T11:46:51Z,2025-08-11T13:18:18Z,TeX,16,7,64,139,36652
v,vlang,2019-02-08T02:57:06Z,2025-08-11T19:55:22Z,V,12230,273,1097,8569,36618
JavaFamily,AobingJava,2019-11-12T04:26:18Z,2025-08-11T14:55:33Z,None,2,0,5,60,36594
arthas,alibaba,2018-08-29T17:15:57Z,2025-08-11T07:13:12Z,Java,540,59,371,1722,36585
faiss,facebookresearch,2017-02-07T16:07:05Z,2025-08-11T18:14:10Z,C++,137,19,231,2440,36575
googletest,google,2015-07-28T15:07:53Z,2025-08-11T18:46:26Z,C++,813,11,341,1979,36563
wtfpython,satwikkansal,2017-08-28T20:22:19Z,2025-08-11T20:08:55Z,Python,113,2,65,157,36562
aider,Aider-AI,2023-05-09T18:57:49Z,2025-08-11T19:21:13Z,Python,263,93,984,2687,36555
MockingBird,babysor,2021-08-07T03:53:39Z,2025-08-11T14:29:24Z,Python,80,1,476,412,36521
interview,huihut,2018-02-09T09:49:48Z,2025-08-11T16:35:32Z,C++,35,0,1,65,36520
siyuan,siyuan-note,2020-08-30T09:21:35Z,2025-08-11T19:07:20Z,TypeScript,480,809,413,14396,36504
milvus,milvus-io,2019-09-16T06:43:43Z,2025-08-11T20:07:38Z,Go,22705,128,562,13437,36497
halo,halo-dev,2018-03-21T12:56:52Z,2025-08-11T20:03:11Z,Java,2597,225,329,3979,36464
gym,openai,2016-04-27T14:59:16Z,2025-08-11T14:01:06Z,Python,998,19,111,1726,36357
cli,httpie,2012-02-25T12:39:13Z,2025-08-11T15:54:22Z,Python,406,47,180,722,36323
ToolJet,ToolJet,2021-03-30T08:51:34Z,2025-08-11T19:33:08Z,JavaScript,6573,308,688,4282,36300
data-engineer-handbook,DataExpert-io,2023-11-19T19:47:41Z,2025-08-11T18:08:17Z,Jupyter Notebook,169,0,24,52,36183
og-aws,open-guides,2016-07-13T17:30:16Z,2025-08-11T17:21:21Z,Shell,498,0,140,87,36179
chatbox,chatboxai,2023-03-06T12:22:15Z,2025-08-11T16:00:18Z,TypeScript,70,47,805,1442,36169
google-research,google-research,2018-10-04T18:42:48Z,2025-08-11T17:16:48Z,Jupyter Notebook,29,0,1059,343,36168
bruno,usebruno,2022-09-27T20:51:45Z,2025-08-11T20:06:41Z,JavaScript,1244,140,1188,1821,36146
jan,menloresearch,2023-08-17T02:17:10Z,2025-08-11T20:06:49Z,TypeScript,2607,86,158,2641,36143
metasploit-framework,rapid7,2011-08-30T06:13:20Z,2025-08-11T17:19:59Z,Ruby,11331,0,434,5837,36132
manifesto,opentofu,2023-08-13T16:17:24Z,2025-08-11T06:27:11Z,HTML,765,0,12,14,36086
nushell,nushell,2019-05-10T16:59:42Z,2025-08-11T17:51:46Z,Rust,7849,111,1504,5109,36047
HEU_KMS_Activator,zbezj,2019-06-23T00:49:35Z,2025-08-11T17:27:09Z,None,0,47,154,28,36029
date-fns,date-fns,2014-10-06T10:24:22Z,2025-08-11T09:06:28Z,TypeScript,1068,122,626,1366,36028
Umi-OCR,hiroi-sora,2022-03-28T04:01:46Z,2025-08-11T15:27:41Z,Python,56,31,268,512,36012
lerna,lerna,2015-12-04T09:36:55Z,2025-08-11T19:51:39Z,TypeScript,997,244,396,2277,35993
shadowsocks-android,shadowsocks,2012-12-16T13:40:29Z,2025-08-11T16:46:36Z,Kotlin,256,185,48,2457,35986
compose,docker,2013-12-09T11:40:58Z,2025-08-11T17:02:49Z,Go,3540,263,71,8031,35956
DragGAN,XingangPan,2023-05-18T10:08:02Z,2025-08-11T14:20:10Z,Python,18,0,145,46,35917
Langchain-Chatchat,chatchat-space,2023-03-31T12:12:45Z,2025-08-11T17:56:56Z,TypeScript,615,31,108,4069,35851
sheetjs,SheetJS,2012-12-03T19:25:52Z,2025-08-11T16:39:27Z,None,106,0,119,2267,35834
full-stack-fastapi-template,fastapi,2019-02-23T15:08:34Z,2025-08-11T20:03:04Z,TypeScript,409,10,168,259,35832
955.WLB,formulahendry,2019-03-27T23:53:37Z,2025-08-11T18:12:47Z,None,18,0,181,82,35821
hello-algorithm,geekxh,2020-05-29T05:47:09Z,2025-08-10T02:45:40Z,Java,26,0,11,33,35741
docling,docling-project,2024-07-09T07:50:26Z,2025-08-11T20:03:56Z,Python,502,113,463,611,35729
typeorm,typeorm,2016-02-29T07:41:14Z,2025-08-11T18:22:06Z,TypeScript,2169,37,2334,6054,35650
cobalt,imputnet,2022-07-08T18:12:55Z,2025-08-11T18:56:10Z,Svelte,243,0,169,762,35607
carbon,carbon-app,2017-06-16T02:50:28Z,2025-08-11T20:04:31Z,JavaScript,668,215,58,627,35602
koa,koajs,2013-07-20T18:53:45Z,2025-08-11T12:37:35Z,JavaScript,522,9,16,909,35584
crewAI,crewAIInc,2023-10-27T03:26:59Z,2025-08-11T18:54:35Z,Python,900,96,50,1422,35569
MediaCrawler,NanmiCoder,2023-06-09T12:14:34Z,2025-08-11T19:43:47Z,Python,100,0,99,389,35542
HanLP,hankcs,2014-10-09T06:36:16Z,2025-08-11T16:00:02Z,Python,79,62,8,1421,35494
fullPage.js,alvarotrigo,2013-09-20T11:58:29Z,2025-08-11T14:26:59Z,JavaScript,320,105,132,3999,35458
lottie-android,airbnb,2016-10-06T22:42:42Z,2025-08-11T06:25:21Z,Java,713,59,33,1743,35431
REKCARC-TSC-UHT,PKUanonym,2019-04-05T03:31:23Z,2025-08-11T18:54:14Z,HTML,170,0,2,30,35356
awesome-react-native,jondot,2015-03-26T19:58:06Z,2025-08-11T07:29:04Z,JavaScript,912,0,38,35,35307
marked,markedjs,2011-07-24T13:15:51Z,2025-08-11T17:23:34Z,TypeScript,1550,155,12,1590,35297
nativefier,nativefier,2015-07-05T05:56:42Z,2025-08-10T03:17:05Z,TypeScript,261,99,255,982,35263
engineering-blogs,kilimchoi,2015-06-13T18:25:17Z,2025-08-11T19:27:47Z,Ruby,681,0,23,74,35248
spacedrive,spacedriveapp,2021-09-27T05:09:04Z,2025-08-11T15:41:53Z,TypeScript,1881,26,118,388,35218
mindsdb,mindsdb,2018-08-02T17:56:45Z,2025-08-11T20:07:03Z,Python,5351,310,45,4244,35160
vim-plug,junegunn,2013-09-10T14:58:51Z,2025-08-11T19:53:48Z,Vim Script,177,8,71,966,35125
desktop,zen-browser,2024-03-28T00:05:55Z,2025-08-11T19:48:32Z,C++,470,115,396,6456,35088
hackathon-starter,sahat,2013-11-13T17:24:12Z,2025-08-11T08:19:49Z,JavaScript,347,17,10,670,35050
the-way-to-go_ZH_CN,unknwon,2013-03-24T17:18:38Z,2025-08-11T08:31:11Z,Go,592,0,0,0,35012
pytorch-image-models,huggingface,2019-02-02T05:51:12Z,2025-08-11T15:09:25Z,Python,479,69,50,945,34990
sqlmap,sqlmapproject,2012-06-26T09:52:15Z,2025-08-11T15:38:28Z,Python,173,10,50,5290,34979
glide,bumptech,2013-07-08T22:52:33Z,2025-08-11T17:37:25Z,Java,569,47,561,3920,34934
awesome-shell,alebcay,2014-07-07T01:57:42Z,2025-08-11T18:58:46Z,None,307,0,38,23,34934
twenty,twentyhq,2022-12-01T13:04:40Z,2025-08-11T20:08:57Z,TypeScript,7070,45,193,4964,34898
polars,pola-rs,2020-05-13T19:45:33Z,2025-08-11T18:41:11Z,Rust,11411,225,2559,8671,34827
puter,HeyPuter,2024-03-03T01:44:32Z,2025-08-11T17:24:23Z,JavaScript,577,8,181,504,34783
Coursera-ML-AndrewNg-Notes,fengdu78,2017-11-04T10:04:08Z,2025-08-11T15:03:57Z,HTML,13,0,53,15,34714
AgentGPT,reworkd,2023-04-07T02:29:19Z,2025-08-11T13:34:15Z,TypeScript,539,12,129,337,34713
NewPipe,TeamNewPipe,2015-09-03T23:39:26Z,2025-08-11T18:13:41Z,Java,1661,137,1214,8389,34677
leetcode,doocs,2018-09-16T14:03:03Z,2025-08-11T17:40:22Z,Java,4079,21,0,56,34645
LocalAI,mudler,2023-03-18T22:58:02Z,2025-08-11T19:26:17Z,Go,3849,82,402,670,34489
caffe,BVLC,2013-09-12T18:39:48Z,2025-08-11T16:04:29Z,C++,1087,14,899,3902,34479
awesome-javascript,sorrycc,2014-07-01T15:59:02Z,2025-08-11T17:09:04Z,None,393,0,5,88,34468
TaskMatrix,chenfei-wu,2023-03-02T09:04:28Z,2025-08-11T00:08:08Z,Python,21,0,221,136,34412
node-v0.x-archive,nodejs,2009-05-27T16:29:46Z,2025-08-11T02:02:52Z,None,218,0,0,6379,34386
outline,outline,2016-05-22T21:31:47Z,2025-08-11T17:09:03Z,TypeScript,3288,147,96,3379,34377
codex,openai,2025-04-13T05:37:54Z,2025-08-11T20:05:53Z,Rust,750,66,262,547,34319
netty,netty,2010-11-09T09:22:21Z,2025-08-11T18:01:36Z,Java,4404,0,617,6088,34319
fastify,fastify,2016-09-28T19:10:14Z,2025-08-11T18:21:05Z,JavaScript,3132,298,76,2012,34317
jieba,fxsjy,2012-09-29T07:52:01Z,2025-08-11T15:32:53Z,Python,96,9,637,228,34317
formik,jaredpalmer,2017-06-14T19:50:59Z,2025-08-11T20:01:14Z,TypeScript,829,196,701,1558,34275
bubbletea,charmbracelet,2020-01-10T21:04:03Z,2025-08-11T19:34:15Z,Go,627,62,72,292,34246
gold-miner,xitu,2015-11-04T03:29:13Z,2025-08-11T12:59:40Z,None,3563,0,9,5592,34233
cursor-free-vip,yeongpin,2025-01-11T08:14:22Z,2025-08-11T20:01:54Z,Python,74,69,539,472,34203
LLM101n,karpathy,2024-05-27T00:23:38Z,2025-08-11T19:52:08Z,None,0,0,0,0,34193
HowToLiveLonger,geekan,2022-04-16T04:15:18Z,2025-08-11T15:45:47Z,None,14,0,34,103,34160
clipboard.js,zenorocha,2015-09-18T23:04:55Z,2025-08-11T10:48:39Z,JavaScript,117,42,11,618,34157
ai-agents-for-beginners,microsoft,2024-11-28T10:42:52Z,2025-08-11T19:46:38Z,Jupyter Notebook,145,0,11,56,34059
12306,testerSunshine,2017-05-17T12:23:40Z,2025-08-11T09:28:41Z,Python,31,1,225,466,34048
solid,solidjs,2018-04-24T16:36:27Z,2025-08-11T10:49:59Z,TypeScript,384,35,101,992,34044
react-beautiful-dnd,atlassian,2017-08-09T03:37:15Z,2025-08-11T20:01:31Z,JavaScript,529,68,571,1045,34017
RevokeMsgPatcher,huiyadanli,2019-07-21T15:12:52Z,2025-08-11T16:01:39Z,C#,11,21,45,812,34006
ghostty,ghostty-org,2022-03-29T17:38:26Z,2025-08-11T19:44:55Z,Zig,2547,1,144,1621,33994
manim,ManimCommunity,2020-05-19T02:37:13Z,2025-08-11T19:29:56Z,Python,1916,29,419,1260,33988
linux-command,jaywcjlove,2016-11-12T15:44:26Z,2025-08-11T13:41:37Z,Markdown,353,31,74,133,33967
husky,typicode,2014-06-23T12:14:21Z,2025-08-11T19:40:25Z,JavaScript,262,80,72,1016,33967
portainer,portainer,2016-05-19T20:15:28Z,2025-08-11T19:03:41Z,TypeScript,4777,159,612,5275,33949
framework,laravel,2013-01-10T21:27:28Z,2025-08-11T17:44:21Z,PHP,16600,850,44,18811,33941
llvm-project,llvm,2016-12-07T09:39:33Z,2025-08-11T20:04:37Z,LLVM,54448,135,26179,59952,33913
OpenVoice,myshell-ai,2023-11-29T12:17:01Z,2025-08-11T13:11:36Z,Python,17,0,247,66,33868
spring-boot-demo,xkcoding,2017-11-10T06:27:29Z,2025-08-11T11:22:22Z,Java,15,0,100,73,33822
poetry,python-poetry,2018-02-28T15:23:47Z,2025-08-11T19:57:16Z,Python,2325,142,522,5710,33821
Python,geekcomputers,2011-11-30T09:04:08Z,2025-08-11T16:23:32Z,Python,1837,0,334,149,33711
shadowsocks,shadowsocks,2012-04-20T13:10:49Z,2025-08-11T03:58:45Z,Python,70,2,0,0,33639
LeetCode-Go,halfrost,2017-07-18T00:06:14Z,2025-08-11T15:34:18Z,Go,178,4,16,64,33618
AndroidUtilCode,Blankj,2016-07-30T18:18:32Z,2025-08-11T14:55:08Z,Java,88,117,309,1280,33609
zsh-autosuggestions,zsh-users,2013-10-26T16:09:37Z,2025-08-11T15:53:44Z,Shell,116,0,153,458,33584
easyexcel,alibaba,2018-02-06T03:14:08Z,2025-08-11T14:00:27Z,Java,190,14,486,3130,33560
supervision,roboflow,2022-11-28T14:08:44Z,2025-08-11T18:25:51Z,Python,967,33,72,415,33522
AFNetworking,AFNetworking,2011-05-31T21:28:44Z,2025-08-11T05:30:13Z,Objective-C,710,40,0,0,33521
zxing,zxing,2011-10-12T14:07:27Z,2025-08-11T16:35:20Z,Java,318,31,9,1314,33500
JavaScript,TheAlgorithms,2017-07-13T06:12:33Z,2025-08-11T18:50:31Z,JavaScript,795,0,9,200,33500
awesome-deepseek-integration,deepseek-ai,2024-01-11T02:43:17Z,2025-08-11T09:20:11Z,None,229,0,86,39,33355
mattermost,mattermost,2015-06-15T06:50:02Z,2025-08-11T19:32:41Z,TypeScript,19171,836,661,8373,33347
anoma,anoma,2021-02-02T10:00:16Z,2025-08-11T20:04:51Z,Elixir,856,10,122,577,33331
XX-Net,XX-net,2015-01-15T09:35:51Z,2025-08-11T19:37:11Z,Python,363,388,7915,5418,33299
awesome-docker,veggiemonk,2014-09-21T17:01:48Z,2025-08-11T14:20:43Z,None,939,1,3,127,33290
gpt-pilot,Pythagora-io,2023-08-16T11:56:07Z,2025-08-11T14:48:01Z,Python,393,0,236,314,33281
ShareX,ShareX,2013-10-08T23:32:10Z,2025-08-11T19:13:13Z,C#,747,81,506,6337,33271
nps,ehang-io,2018-11-04T13:22:51Z,2025-08-11T10:30:35Z,Go,74,59,502,697,33263
aseprite,aseprite,2014-08-19T23:44:50Z,2025-08-11T19:02:45Z,C++,405,117,1778,2492,33249
How-To-Ask-Questions-The-Smart-Way,ryanhanwu,2015-03-28T16:52:40Z,2025-08-11T12:14:37Z,JavaScript,98,0,9,20,33243
brackets,adobe,2011-12-07T21:14:40Z,2025-08-11T07:18:52Z,JavaScript,4332,69,2617,7063,33163
carbon-lang,carbon-language,2020-04-27T21:45:16Z,2025-08-11T19:53:39Z,C++,4328,400,151,560,33132
harness,harness,2014-02-07T07:54:44Z,2025-08-11T20:00:18Z,Go,1046,52,72,1933,33068
jax,jax-ml,2018-10-25T21:25:02Z,2025-08-11T20:06:43Z,Python,14834,125,1591,4855,33064
gulp,gulpjs,2013-07-04T05:26:06Z,2025-08-11T19:06:53Z,JavaScript,411,24,29,1908,33063
immutable-js,immutable-js,2014-07-02T06:02:29Z,2025-08-10T08:13:53Z,TypeScript,597,89,93,1169,33058
stats,exelban,2019-05-29T19:24:56Z,2025-08-11T20:09:28Z,Swift,409,301,28,2141,33028
Fabric,danielmiessler,2024-01-03T23:18:31Z,2025-08-11T19:56:43Z,JavaScript,423,236,157,572,33001
ijkplayer,bilibili,2013-06-03T04:12:04Z,2025-08-11T02:23:39Z,C,35,0,2827,2548,32985
selenium,SeleniumHQ,2013-01-14T21:40:56Z,2025-08-11T17:30:52Z,Java,2979,107,151,10768,32909
vault,hashicorp,2015-02-25T00:15:59Z,2025-08-11T20:03:41Z,Go,21274,168,1141,5241,32907
AnotherRedisDesktopManager,qishibo,2019-01-08T06:01:56Z,2025-08-11T17:24:37Z,JavaScript,152,53,138,927,32901
openpose,CMU-Perceptual-Computing-Lab,2017-04-24T14:06:31Z,2025-08-11T05:36:25Z,C++,174,15,336,1667,32886
ControlNet,lllyasviel,2023-02-01T02:43:30Z,2025-08-11T14:36:45Z,Python,4,0,430,139,32869
lossless-cut,mifi,2016-10-30T10:49:56Z,2025-08-11T19:28:32Z,TypeScript,201,100,203,1423,32814
ShadowsocksX-NG,shadowsocks,2016-06-10T11:49:00Z,2025-08-11T14:47:53Z,Swift,64,30,308,1050,32809
awesome-awesomeness,bayandin,2014-07-08T05:44:19Z,2025-08-11T12:29:21Z,Ruby,197,0,16,52,32771
ruoyi-vue-pro,YunaiV,2021-01-24T03:18:25Z,2025-08-11T18:43:17Z,Java,62,44,6,633,32723
libpku,lib-pku,2018-11-22T13:33:06Z,2025-08-11T13:15:44Z,TeX,22,0,11,32,32646
swc,swc-project,2017-12-22T11:40:14Z,2025-08-11T16:11:50Z,Rust,5580,712,405,3562,32577
C-Plus-Plus,TheAlgorithms,2016-07-16T10:19:45Z,2025-08-11T18:45:40Z,C++,671,0,12,309,32570
detectron2,facebookresearch,2019-09-05T21:30:20Z,2025-08-11T18:04:09Z,Python,0,10,465,3091,32537
Reactive-Resume,AmruthPillai,2020-03-25T14:08:22Z,2025-08-11T19:02:36Z,TypeScript,633,95,317,1246,32532
qBittorrent,qbittorrent,2012-02-04T09:37:46Z,2025-08-11T18:54:19Z,C++,3923,0,2283,14536,32483
certbot,certbot,2014-11-12T02:52:20Z,2025-08-11T18:09:57Z,Python,3980,62,126,5331,32384
jq,jqlang,2012-07-18T19:57:25Z,2025-08-11T15:56:25Z,C,640,15,361,1917,32346
bulletproof-react,alan2207,2021-05-30T14:47:16Z,2025-08-11T19:53:16Z,TypeScript,70,0,37,77,32335
pnpm,pnpm,2016-01-28T07:40:43Z,2025-08-11T17:16:57Z,TypeScript,2653,1000,1865,3010,32331
awesome-cursorrules,PatrickJS,2024-09-16T15:38:38Z,2025-08-11T20:08:54Z,MDX,61,0,33,8,32319
data-engineering-zoomcamp,DataTalksClub,2021-10-21T09:32:50Z,2025-08-11T19:02:59Z,Jupyter Notebook,395,0,2,134,32299
modern-unix,ibraheemdev,2021-01-12T00:50:14Z,2025-08-11T14:54:39Z,None,15,0,53,30,32274
rufus,pbatard,2011-11-19T19:12:05Z,2025-08-11T18:49:03Z,C,1,84,8,2500,32273
material-design-lite,google,2015-01-14T22:01:33Z,2025-08-10T09:44:27Z,HTML,655,14,382,1813,32267
learnGitBranching,pcottle,2012-08-13T22:36:09Z,2025-08-11T18:50:28Z,JavaScript,603,0,49,467,32229
drawdb,drawdb-io,2023-07-16T17:09:20Z,2025-08-11T16:03:43Z,JavaScript,230,0,84,155,32205
beego,beego,2012-02-29T02:32:08Z,2025-08-11T18:35:45Z,Go,1325,42,8,3365,32199
serenity,SerenityOS,2018-12-02T19:28:41Z,2025-08-11T18:48:49Z,C++,19505,0,727,3519,32183
refine,refinedev,2021-01-20T12:01:32Z,2025-08-11T19:59:46Z,TypeScript,4419,1000,27,1622,32155
spaCy,explosion,2014-07-03T15:15:40Z,2025-08-11T16:39:05Z,Python,3590,129,165,5550,32151
my-tv,lizongying,2023-12-04T12:18:39Z,2025-08-11T16:46:57Z,C,11,72,145,774,32144
CyberChef,gchq,2016-11-28T10:34:07Z,2025-08-11T16:50:09Z,JavaScript,510,447,429,625,32138
run,The-Run-Philosophy-Organization,2022-04-10T05:42:40Z,2025-08-11T17:11:54Z,None,171,0,42,214,32092
Real-ESRGAN,xinntao,2021-07-19T03:23:30Z,2025-08-11T17:30:05Z,Python,21,10,554,171,32085
chatbot-ui,mckaywrigley,2023-03-11T14:53:14Z,2025-08-11T16:14:20Z,TypeScript,280,0,174,817,32028
it-tools,CorentinTh,2020-04-05T11:50:24Z,2025-08-11T19:43:38Z,Vue,491,10,418,198,31991
chatgpt-web,Chanzhaoyu,2023-02-09T03:21:37Z,2025-08-11T08:57:49Z,Vue,159,43,0,1747,31944
tabby,TabbyML,2023-03-16T09:18:01Z,2025-08-11T16:10:33Z,Rust,2965,238,203,731,31941
directus,directus,2012-12-12T01:35:36Z,2025-08-11T19:33:18Z,TypeScript,8066,341,289,9034,31940
tiptap,ueberdosis,2018-08-20T19:58:58Z,2025-08-11T18:18:19Z,TypeScript,1239,896,680,2528,31930
nacos,alibaba,2018-06-15T06:49:27Z,2025-08-11T14:45:05Z,Java,3142,83,253,8878,31892
etcher,balena-io,2015-10-27T16:53:23Z,2025-08-11T16:58:49Z,TypeScript,1731,289,555,1822,31880
yew,yewstack,2017-12-16T14:19:02Z,2025-08-11T16:01:28Z,Rust,1792,35,113,1142,31853
awesome-php,ziadoz,2013-11-26T03:14:19Z,2025-08-11T15:30:04Z,None,453,0,1,152,31803
swr,vercel,2019-10-28T18:16:01Z,2025-08-11T15:20:47Z,TypeScript,795,123,136,817,31794
shardeum,shardeum,2024-04-16T22:37:25Z,2025-08-11T19:08:06Z,TypeScript,325,0,5,33,31774
android-open-project,Trinea,2014-01-05T15:20:15Z,2025-08-11T09:37:26Z,None,204,0,11,75,31769
WxJava,binarywang,2016-01-06T08:24:05Z,2025-08-11T14:01:30Z,Java,1053,30,61,2306,31725
v2ray-core,v2fly,2019-04-15T10:05:54Z,2025-08-11T15:41:45Z,Go,909,111,37,1000,31706
fairseq,facebookresearch,2017-08-29T16:26:12Z,2025-08-11T17:10:38Z,Python,234,16,1191,3056,31702
graphql-engine,hasura,2018-06-18T07:57:36Z,2025-08-11T19:55:55Z,TypeScript,2110,293,2233,4144,31644
agno,agno-agi,2022-05-04T15:23:02Z,2025-08-11T19:25:08Z,Python,1667,83,119,1111,31618
mpv,mpv-player,2012-10-13T08:08:44Z,2025-08-11T16:55:59Z,C,3491,87,894,9626,31603
go-zero,zeromicro,2020-08-07T15:37:57Z,2025-08-11T10:16:53Z,Go,2307,138,225,1633,31597
pytorch-tutorial,yunjey,2017-03-10T07:41:47Z,2025-08-11T18:14:11Z,Python,28,0,66,114,31595
GPT_API_free,chatanywhere,2023-04-23T12:42:08Z,2025-08-11T18:56:35Z,Python,1,0,21,352,31566
duckdb,duckdb,2018-06-26T15:04:45Z,2025-08-11T19:49:55Z,C++,8142,51,451,5643,31543
mmdetection,open-mmlab,2018-08-22T07:06:06Z,2025-08-11T20:06:31Z,Python,2359,53,1749,6745,31533
remix,remix-run,2020-10-26T19:57:28Z,2025-08-11T13:20:57Z,TypeScript,3439,175,3,2601,31506
floating-ui,floating-ui,2016-03-29T17:00:47Z,2025-08-11T06:25:11Z,TypeScript,1188,493,26,1427,31502
vnpy,vnpy,2015-03-02T03:36:58Z,2025-08-11T17:43:20Z,Python,1055,64,18,2109,31487
YesPlayMusic,qier222,2020-10-09T10:04:21Z,2025-08-11T17:20:18Z,Vue,288,31,608,1191,31475
html2canvas,niklasvh,2011-07-16T01:05:58Z,2025-08-11T13:45:08Z,TypeScript,186,45,957,1660,31453
Hello-Python,mouredev,2022-08-03T17:14:53Z,2025-08-11T19:47:16Z,Python,0,0,18,285,31423
vimrc,amix,2012-05-29T16:19:29Z,2025-08-11T16:28:29Z,Vim Script,107,0,12,510,31420
awesome-cto,kuchin,2016-12-16T19:22:18Z,2025-08-11T16:04:42Z,None,18,0,0,11,31415
rxjs,ReactiveX,2015-03-15T06:17:10Z,2025-08-11T06:24:50Z,TypeScript,2588,2,220,2940,31404
echo,labstack,2015-03-01T17:43:01Z,2025-08-11T10:23:46Z,Go,591,109,73,1392,31387
Retrieval-based-Voice-Conversion-WebUI,RVC-Project,2023-03-27T09:59:10Z,2025-08-11T19:01:24Z,Python,475,7,613,1302,31385
MS-DOS,microsoft,2018-06-25T18:26:02Z,2025-08-11T13:09:18Z,Assembly,37,0,0,0,31338
lottie-web,airbnb,2015-02-20T21:02:59Z,2025-08-11T07:58:40Z,JavaScript,136,0,769,2125,31328
cherry-studio,CherryHQ,2024-05-24T01:56:26Z,2025-08-11T17:35:28Z,TypeScript,1836,187,522,5585,31289
servo,servo,2012-02-08T19:07:25Z,2025-08-11T18:49:13Z,Rust,20350,0,3002,10941,31236
CasaOS,IceWhaleTech,2021-09-26T02:33:09Z,2025-08-11T15:52:15Z,Go,274,97,671,879,31196
cockroach,cockroachdb,2014-02-06T00:18:47Z,2025-08-11T19:29:19Z,Go,67430,0,6416,68950,31171
netron,lutzroeder,2010-12-26T12:53:43Z,2025-08-11T15:08:18Z,JavaScript,1,5,26,1192,31152
Folo,RSSNext,2024-04-08T03:23:35Z,2025-08-11T19:45:33Z,TypeScript,1247,70,179,2039,31134
backstage,backstage,2020-01-24T22:39:49Z,2025-08-11T18:56:02Z,TypeScript,18890,437,364,6664,31109
paper-reading,mli,2021-10-22T06:34:51Z,2025-08-11T15:52:12Z,None,15,0,0,0,31043
Blog,mqyqingfeng,2017-03-13T10:04:33Z,2025-08-11T12:42:51Z,None,3,0,261,100,31042
cursor,cursor,2023-03-12T00:19:42Z,2025-08-11T18:34:21Z,None,46,0,1999,1200,31034
slate,ianstormtaylor,2016-06-18T01:52:42Z,2025-08-11T16:22:12Z,TypeScript,1934,203,668,2527,31012
xyflow,xyflow,2019-07-15T14:47:30Z,2025-08-11T20:09:53Z,TypeScript,1388,344,84,2172,30986
dokku,dokku,2013-06-08T10:26:57Z,2025-08-11T19:19:22Z,Shell,4136,300,46,2751,30972
linux-insides,0xAX,2015-01-03T18:44:57Z,2025-08-11T19:47:28Z,Python,579,0,35,153,30971
mediapipe,google-ai-edge,2019-06-13T19:16:41Z,2025-08-11T20:10:23Z,C++,201,63,446,5016,30966
sharp,lovell,2013-08-19T20:24:24Z,2025-08-11T19:56:27Z,JavaScript,301,99,115,3863,30952
dotfiles,mathiasbynens,2011-09-05T18:07:54Z,2025-08-11T20:09:57Z,Shell,44,0,138,254,30932
lede,coolsnowwolf,2017-09-06T07:39:03Z,2025-08-11T15:27:27Z,C,2017,6,765,8377,30903
jQuery-File-Upload,blueimp,2010-12-01T15:35:32Z,2025-08-09T21:30:55Z,PHP,119,0,49,3258,30891
MonitorControl,MonitorControl,2017-09-16T21:13:40Z,2025-08-11T20:10:26Z,Swift,216,26,13,968,30825
minikube,kubernetes,2016-04-15T22:38:35Z,2025-08-11T18:39:03Z,Go,8721,151,523,9572,30799
croc,schollz,2017-10-17T15:20:18Z,2025-08-11T19:59:52Z,Go,233,175,10,530,30768
filebrowser,filebrowser,2015-09-11T21:21:58Z,2025-08-11T18:47:47Z,Go,605,95,20,2722,30737
pathway,pathwaycom,2022-11-27T13:01:14Z,2025-08-11T18:56:53Z,Python,5,74,44,53,30711
p3c,alibaba,2017-06-23T06:15:51Z,2025-08-11T04:31:47Z,Kotlin,62,0,161,697,30709
OCRmyPDF,ocrmypdf,2013-12-20T08:26:28Z,2025-08-11T19:13:44Z,Python,149,41,132,1135,30698
khoj,khoj-ai,2021-08-16T01:48:44Z,2025-08-11T18:54:57Z,Python,474,157,75,475,30696
k9s,derailed,2019-01-25T18:46:02Z,2025-08-11T18:14:18Z,Go,829,248,419,1713,30669
ink,vadimdemedes,2017-06-12T06:12:28Z,2025-08-11T19:50:59Z,TypeScript,228,59,73,300,30665
editor.js,codex-team,2015-11-28T20:56:35Z,2025-08-11T13:17:17Z,TypeScript,863,102,599,921,30661
kafka,apache,2011-08-15T18:06:16Z,2025-08-11T19:24:57Z,Java,11779,0,0,0,30649
interactive-coding-challenges,donnemartin,2015-04-28T21:36:39Z,2025-08-11T15:27:51Z,Python,176,0,37,32,30637
Sortable,SortableJS,2013-12-19T10:10:13Z,2025-08-11T19:00:15Z,JavaScript,248,30,472,1344,30635
1Panel,1Panel-dev,2022-07-19T15:44:52Z,2025-08-11T15:48:23Z,Go,3759,95,621,4687,30631
fish-shell,fish-shell,2012-05-10T03:00:55Z,2025-08-11T15:22:23Z,Rust,2138,48,472,7177,30597
Xray-core,XTLS,2020-11-09T11:23:10Z,2025-08-11T20:07:40Z,Go,1002,90,12,2535,30587
spring-boot-examples,ityouknow,2016-11-05T05:32:33Z,2025-08-11T11:39:12Z,Java,7,0,10,99,30553
comprehensive-rust,google,2022-12-21T15:17:24Z,2025-08-11T19:48:59Z,Rust,2170,0,112,232,30536
calculator,microsoft,2019-01-28T17:55:49Z,2025-08-10T18:11:00Z,C++,897,0,394,717,30531
awesome-sysadmin,awesome-foss,2014-12-23T08:41:22Z,2025-08-11T18:09:31Z,None,329,0,14,88,30520
symfony,symfony,2010-01-04T14:21:21Z,2025-08-11T18:00:20Z,PHP,24206,555,566,20644,30487
k3s,k3s-io,2018-05-31T01:37:46Z,2025-08-11T20:08:33Z,Go,4050,882,125,6794,30474
jsPDF,parallax,2009-12-06T14:56:32Z,2025-08-11T14:05:54Z,JavaScript,717,35,116,2443,30455
influxdb,influxdata,2013-09-26T14:31:10Z,2025-08-11T18:37:10Z,Rust,10589,93,2056,11948,30455
UTM,utmapp,2019-04-12T16:09:24Z,2025-08-11T15:27:58Z,Swift,263,121,896,2512,30441
textual,Textualize,2021-04-08T15:24:47Z,2025-08-11T20:07:51Z,Python,2160,185,184,2071,30427
server,nextcloud,2016-06-02T07:44:14Z,2025-08-11T19:54:38Z,PHP,28035,346,2261,17907,30422
headscale,juanfont,2020-06-21T09:21:05Z,2025-08-11T18:54:21Z,Go,1045,124,100,986,30392
webtorrent,webtorrent,2013-10-15T08:16:40Z,2025-08-11T18:42:08Z,JavaScript,962,227,65,1598,30332
weekly,ascoders,2017-03-20T06:10:04Z,2025-08-11T12:01:14Z,JavaScript,136,193,3,363,30324
NeteaseCloudMusicApi,Binaryify,2016-06-22T11:58:03Z,2025-08-11T17:34:50Z,None,292,0,147,1190,30320
layui,layui,2015-09-22T08:12:03Z,2025-08-11T08:58:47Z,JavaScript,590,158,67,1289,30306
fabric.js,fabricjs,2010-06-09T22:24:38Z,2025-08-11T11:29:51Z,TypeScript,2343,174,421,5760,30302
lux,iawia002,2018-02-24T11:29:03Z,2025-08-11T17:31:10Z,Go,300,86,518,540,30257
rocksdb,facebook,2012-11-30T06:16:18Z,2025-08-11T19:25:44Z,C++,609,206,766,2635,30257
tqdm,tqdm,2015-06-03T13:13:14Z,2025-08-11T19:15:26Z,Python,287,131,439,587,30252
GPTs,linexjlin,2023-11-11T03:24:16Z,2025-08-11T14:42:21Z,None,42,0,7,21,30246
Data-Science-For-Beginners,microsoft,2021-03-03T16:30:15Z,2025-08-11T20:07:38Z,Jupyter Notebook,308,0,24,95,30244
medusa,medusajs,2020-01-18T13:39:04Z,2025-08-11T18:57:04Z,TypeScript,7406,127,101,3150,30240
CLIP,openai,2020-12-16T11:24:42Z,2025-08-11T19:08:34Z,Jupyter Notebook,28,0,241,192,30230
diffusers,huggingface,2022-05-30T16:04:02Z,2025-08-11T18:04:04Z,Python,4961,84,545,4401,30211
HEAD,joshbuchea,2016-04-20T20:05:37Z,2025-08-11T19:59:39Z,None,86,0,20,73,30210
docsify,docsifyjs,2016-11-20T07:55:43Z,2025-08-11T14:54:34Z,JavaScript,730,15,89,1198,30198
alpine,alpinejs,2019-11-28T13:51:55Z,2025-08-11T19:42:57Z,HTML,657,137,0,612,30169
AI-Expert-Roadmap,AMAI-GmbH,2020-10-24T21:49:40Z,2025-08-11T15:42:14Z,JavaScript,13,0,20,46,30166
gkd,gkd-kit,2023-07-04T03:59:15Z,2025-08-11T17:56:57Z,Kotlin,6,53,13,647,30144
OpenCut,OpenCut-app,2025-06-22T08:02:17Z,2025-08-11T20:03:50Z,TypeScript,165,0,109,63,30129
numpy,numpy,2010-09-13T23:02:39Z,2025-08-11T20:03:27Z,Python,13060,132,2098,11378,30129
roop,s0md3v,2023-05-28T14:37:54Z,2025-08-11T19:31:02Z,Python,80,6,0,0,30118
stanford_alpaca,tatsu-lab,2023-03-10T23:33:09Z,2025-08-11T16:38:23Z,Python,5,0,170,98,30109
Trilium,TriliumNext,2017-05-23T00:30:20Z,2025-08-11T19:43:15Z,TypeScript,549,333,1082,3468,30108
sequelize,sequelize,2010-07-22T07:11:11Z,2025-08-11T13:15:24Z,TypeScript,4960,487,891,9511,30108
CheatSheetSeries,OWASP,2018-12-21T14:26:43Z,2025-08-11T18:03:01Z,Python,1075,0,39,487,30055
OpenAPI-Specification,OAI,2014-03-03T16:53:36Z,2025-08-11T18:22:01Z,Markdown,1533,12,151,2209,30051
uppy,transloadit,2015-11-16T12:32:33Z,2025-08-11T16:55:49Z,TypeScript,3094,196,155,2290,30030
paperless-ngx,paperless-ngx,2022-02-12T21:56:52Z,2025-08-11T19:15:00Z,Python,2543,120,0,2089,30021
hutool,chinabugotech,2014-04-13T07:23:51Z,2025-08-11T14:20:28Z,Java,447,152,4,2974,29977
dioxus,DioxusLabs,2021-01-15T01:57:26Z,2025-08-11T20:01:54Z,Rust,1740,24,422,1605,29939
pytorch-lightning,Lightning-AI,2019-03-31T00:45:57Z,2025-08-11T19:38:34Z,Python,9045,166,952,6436,29929
sniffnet,GyulyVGC,2022-07-31T21:55:56Z,2025-08-11T20:08:25Z,Rust,428,14,44,236,29914
particles.js,VincentGarreau,2014-09-06T14:29:47Z,2025-08-11T19:27:21Z,JavaScript,21,6,304,106,29871
exo,exo-explore,2024-06-24T18:36:22Z,2025-08-11T20:08:40Z,Python,207,12,358,145,29863
surrealdb,surrealdb,2021-12-09T15:03:29Z,2025-08-11T18:43:07Z,Rust,2127,92,678,1469,29831
tinygrad,tinygrad,2020-10-18T16:23:12Z,2025-08-11T19:20:13Z,Python,7831,12,131,837,29826
leakcanary,square,2015-04-29T23:54:16Z,2025-08-10T06:02:28Z,Kotlin,921,43,126,1512,29782
foundation-sites,foundation,2011-10-13T23:05:42Z,2025-08-11T10:13:02Z,HTML,2958,79,56,8179,29762
vue-cli,vuejs,2015-12-26T23:11:20Z,2025-08-11T06:25:05Z,JavaScript,1258,177,934,4563,29716
awesome-macos-command-line,herrbischoff,2015-09-22T19:37:55Z,2025-08-11T19:06:54Z,None,104,0,0,0,29707
awesome-python-cn,jobbole,2015-11-03T09:50:50Z,2025-08-11T15:20:12Z,Makefile,51,0,13,18,29695
cheerio,cheeriojs,2011-10-09T04:23:20Z,2025-08-11T12:15:13Z,TypeScript,2831,61,21,1199,29682
drizzle-orm,drizzle-team,2021-06-24T09:03:05Z,2025-08-11T20:10:42Z,TypeScript,610,146,1421,1692,29676
folly,facebook,2012-06-01T20:49:04Z,2025-08-11T19:27:57Z,C++,13,253,294,930,29666
algo,trailofbits,2016-05-15T03:42:48Z,2025-08-11T19:49:34Z,Python,568,2,86,1531,29634
DevToys,DevToys-app,2021-09-29T01:40:41Z,2025-08-11T17:35:19Z,C#,497,38,274,658,29633
Mr.-Ranedeer-AI-Tutor,JushBJJ,2023-03-31T12:37:26Z,2025-08-11T08:18:15Z,None,18,3,13,34,29620
restic,restic,2014-04-27T14:07:58Z,2025-08-11T18:56:05Z,Go,2184,48,418,2392,29613
AdGuardHome,AdguardTeam,2016-07-06T10:31:47Z,2025-08-11T19:13:08Z,Go,124,212,1125,4628,29603
stb,nothings,2014-05-25T16:51:23Z,2025-08-11T18:20:30Z,C,288,0,198,694,29600
apollo,apolloconfig,2016-03-04T10:24:23Z,2025-08-11T08:30:56Z,Java,1449,41,143,3207,29590
wails,wailsapp,2018-12-15T23:14:06Z,2025-08-11T18:16:16Z,Go,1494,240,258,1853,29577
project-guidelines,elsewhencode,2017-06-30T10:17:55Z,2025-08-11T19:42:18Z,JavaScript,113,0,9,29,29557
react-boilerplate,react-boilerplate,2015-02-18T14:36:32Z,2025-08-11T19:49:15Z,JavaScript,715,16,86,1822,29535
WSL,microsoft,2016-04-06T17:32:56Z,2025-08-11T19:21:30Z,C++,123,94,1043,10676,29519
500lines,aosabook,2013-11-04T02:02:53Z,2025-08-11T18:03:03Z,JavaScript,175,0,29,41,29508
glances,nicolargo,2011-12-04T08:49:15Z,2025-08-11T19:41:30Z,Python,741,51,128,1928,29491
phantomjs,ariya,2010-12-27T08:18:58Z,2025-08-10T03:09:52Z,C++,562,0,14,4731,29477
vue-vben-admin,vbenjs,2020-07-11T02:29:21Z,2025-08-11T14:39:24Z,Vue,1624,59,114,3461,29466
motion,motiondivision,2018-11-16T09:48:38Z,2025-08-11T18:43:27Z,TypeScript,1061,0,286,1568,29440
mantine,mantinedev,2021-01-07T14:02:19Z,2025-08-11T16:12:48Z,TypeScript,1483,270,21,3208,29384
Hover,IanLunn,2014-01-02T14:27:35Z,2025-08-11T04:30:02Z,SCSS,23,10,24,83,29374
react-three-fiber,pmndrs,2019-02-25T14:31:51Z,2025-08-11T18:14:18Z,TypeScript,650,125,80,1040,29371
hey,heyverse,2022-03-19T15:01:46Z,2025-08-11T15:47:40Z,TypeScript,3759,0,1,1683,29368
django-rest-framework,encode,2011-03-02T17:13:56Z,2025-08-11T16:27:10Z,Python,3015,21,59,3886,29365
standard,standard,2015-01-27T01:23:31Z,2025-08-11T06:24:47Z,JavaScript,411,7,110,1122,29339
css-protips,AllThingsSmitty,2015-08-29T12:29:03Z,2025-08-11T13:14:00Z,None,73,0,1,61,29322
Hyprland,hyprwm,2022-03-16T19:49:13Z,2025-08-11T20:00:50Z,C++,1860,96,61,7200,29289
canal,alibaba,2013-01-13T10:59:52Z,2025-08-11T06:56:13Z,Java,473,32,1156,3571,29289
tokio,tokio-rs,2016-09-09T22:31:36Z,2025-08-11T16:49:26Z,Rust,3592,138,332,2179,29269
lighthouse,GoogleChrome,2016-03-08T01:03:11Z,2025-08-11T17:34:12Z,JavaScript,5464,125,490,8680,29255
umami,umami-software,2020-07-17T07:59:00Z,2025-08-11T20:10:13Z,TypeScript,799,99,68,1756,29228
claude-code,anthropics,2025-02-22T17:41:21Z,2025-08-11T20:02:45Z,TypeScript,50,0,3103,2307,29217
consul,hashicorp,2013-11-04T22:15:27Z,2025-08-11T14:03:30Z,Go,13718,216,1264,4269,29210
es6features,lukehoban,2014-03-03T18:29:30Z,2025-08-11T13:43:31Z,None,41,0,21,36,29199
llm-app,pathwaycom,2023-07-19T08:43:37Z,2025-08-11T18:56:59Z,Jupyter Notebook,47,0,5,12,29179
handson-ml2,ageron,2019-01-08T03:49:07Z,2025-08-11T19:27:49Z,Jupyter Notebook,64,0,217,300,29171
xxl-job,xuxueli,2015-11-28T12:59:34Z,2025-08-11T13:16:59Z,Java,113,38,275,2949,29144
python-guide,realpython,2011-03-15T03:24:20Z,2025-08-11T11:52:28Z,Batchfile,683,0,99,180,29129
DeepFaceLive,iperov,2020-12-15T12:19:22Z,2025-08-11T17:11:34Z,Python,13,35,1,143,29103
Clone-Wars,GorvGoyl,2020-12-02T11:10:16Z,2025-08-11T18:15:11Z,None,130,0,12,70,29096
swift-algorithm-club,kodecocodes,2016-01-26T17:56:12Z,2025-08-10T20:34:48Z,Swift,610,0,32,183,29088
viper,spf13,2014-04-02T14:33:33Z,2025-08-11T18:16:31Z,Go,502,34,413,489,29062
composer,composer,2011-06-08T08:53:00Z,2025-08-11T17:11:31Z,PHP,2944,214,119,7753,29061
plyr,sampotts,2015-02-14T11:33:07Z,2025-08-11T13:17:17Z,JavaScript,384,88,882,1221,29050
COVID-19,CSSEGISandData,2020-02-04T22:03:53Z,2025-08-11T12:46:36Z,None,2152,0,1680,2079,29049
tuning_playbook,google-research,2023-01-18T23:32:32Z,2025-08-11T18:32:07Z,None,14,0,11,34,29046
firecracker,firecracker-microvm,2017-10-19T06:18:47Z,2025-08-11T19:25:00Z,Rust,3156,78,52,1400,29007
TrackersListCollection,XIU2,2019-10-03T15:55:07Z,2025-08-11T16:10:07Z,None,6,0,0,0,29007
LibreChat,danny-avila,2023-02-12T01:06:52Z,2025-08-11T19:34:48Z,TypeScript,2084,57,160,3037,28955
refined-github,refined-github,2016-02-15T16:45:02Z,2025-08-11T19:51:11Z,TypeScript,3426,173,137,4366,28949
keycloak,keycloak,2013-07-02T13:38:51Z,2025-08-11T19:28:25Z,Java,17418,86,2014,13149,28942
SpringAll,wuyouzhuguli,2018-05-02T02:48:44Z,2025-08-11T15:43:26Z,Java,1,0,21,27,28914
llama3,meta-llama,2024-03-15T17:57:00Z,2025-08-11T13:52:51Z,Python,23,0,174,119,28898
postcss,postcss,2013-09-24T23:06:48Z,2025-08-11T20:02:05Z,TypeScript,759,268,27,997,28848
react-spring,pmndrs,2018-03-07T15:39:32Z,2025-08-11T06:25:47Z,TypeScript,437,52,115,1143,28825
todomvc,tastejs,2011-06-03T19:56:33Z,2025-08-11T10:12:47Z,JavaScript,760,6,123,661,28810
Complete-Python-3-Bootcamp,Pierian-Data,2018-02-12T19:30:10Z,2025-08-11T14:41:47Z,Jupyter Notebook,12,0,143,225,28772
dragonfly,dragonflydb,2021-12-11T10:00:42Z,2025-08-11T14:05:43Z,C++,3296,106,258,1570,28680
zoxide,ajeetdsouza,2020-03-05T13:11:40Z,2025-08-11T20:11:03Z,Rust,224,36,103,577,28672
spring-cloud-alibaba,alibaba,2017-12-01T20:49:15Z,2025-08-11T08:00:48Z,Java,1076,48,203,2296,28668
JavaScript30,wesbos,2016-12-07T19:15:31Z,2025-08-11T13:16:14Z,HTML,153,0,0,0,28652
hosts,StevenBlack,2012-04-12T20:22:50Z,2025-08-11T13:58:29Z,Python,486,777,116,1995,28644
linkedin-skill-assessments-quizzes,Ebazhanov,2019-07-13T19:52:56Z,2025-08-11T03:24:37Z,None,5638,1,84,807,28640
os-tutorial,cfenollosa,2014-09-29T08:39:34Z,2025-08-11T20:07:11Z,C,11,0,74,105,28634
slick,kenwheeler,2014-03-24T02:10:05Z,2025-08-11T10:10:14Z,JavaScript,258,48,1198,2421,28622
xstate,statelyai,2015-09-14T15:04:15Z,2025-08-11T16:32:53Z,TypeScript,1971,440,106,1288,28599
machine-learning-for-software-engineers,ZuzooVn,2016-10-09T21:20:25Z,2025-08-11T02:45:24Z,None,60,0,17,9,28561
Jobs_Applier_AI_Agent_AIHawk,feder-cr,2024-08-04T12:15:06Z,2025-08-11T19:31:01Z,Python,185,0,11,663,28551
immer,immerjs,2017-12-29T12:25:47Z,2025-08-11T12:33:59Z,JavaScript,374,109,33,633,28532
k6,grafana,2016-03-21T15:30:24Z,2025-08-11T16:39:28Z,Go,2138,74,726,1657,28490
programmer-job-blacklist,shengxinjing,2016-06-25T06:09:10Z,2025-08-11T07:02:07Z,Shell,28,0,157,181,28455
data-science-ipython-notebooks,donnemartin,2015-01-23T19:38:29Z,2025-08-11T03:58:22Z,Python,31,0,19,22,28453
kitty,kovidgoyal,2016-10-16T14:48:28Z,2025-08-11T19:05:56Z,Python,1129,128,9,6247,28452
vuex,vuejs,2015-07-16T04:21:26Z,2025-08-11T06:24:56Z,JavaScript,656,51,99,1165,28439
Avalonia,AvaloniaUI,2013-12-05T20:13:21Z,2025-08-11T17:44:10Z,C#,5294,109,1714,6144,28409
turborepo,vercel,2021-10-05T17:37:11Z,2025-08-11T20:01:50Z,Rust,6209,493,127,1805,28385
android_guides,codepath,2013-06-19T10:24:45Z,2025-08-11T02:09:36Z,None,9,0,162,219,28381
ExplorerPatcher,valinet,2021-08-09T14:17:24Z,2025-08-11T16:09:24Z,C,18,288,271,2188,28375
rust-course,sunface,2018-08-07T05:01:21Z,2025-08-11T10:49:15Z,Rust,783,0,60,149,28368
jumpserver,jumpserver,2014-07-04T03:54:59Z,2025-08-11T19:53:38Z,Python,7490,249,26,7269,28350
helm,helm,2015-10-06T01:07:32Z,2025-08-11T18:39:16Z,Go,4085,214,469,7659,28332
the-super-tiny-compiler,jamiebuilds,2016-03-11T04:19:18Z,2025-08-11T06:25:10Z,JavaScript,20,0,0,0,28316
posthog,PostHog,2020-01-23T22:46:58Z,2025-08-11T19:56:26Z,Python,24692,15,2104,5512,28311
openssl,openssl,2013-01-15T22:34:48Z,2025-08-11T16:03:24Z,C,145,283,1746,8974,28295
reverse-interview,viraptor,2019-09-08T13:38:40Z,2025-08-11T16:31:11Z,None,75,0,7,18,28294
openai-python,openai,2020-10-25T23:23:54Z,2025-08-11T19:57:17Z,Python,988,313,86,985,28285
continue,continuedev,2023-05-24T03:39:39Z,2025-08-11T19:10:26Z,TypeScript,2740,370,918,2700,28271
90DaysOfDevOps,MichaelCade,2021-12-26T13:55:18Z,2025-08-11T17:26:44Z,Shell,358,2,9,80,28263
tdesktop,telegramdesktop,2014-05-02T12:36:31Z,2025-08-11T19:40:03Z,C++,1741,798,879,14337,28245
podman,containers,2017-11-01T15:01:27Z,2025-08-11T19:44:04Z,Go,11670,227,785,9223,28237
async,caolan,2010-06-01T21:01:30Z,2025-08-11T18:29:24Z,JavaScript,557,7,10,1132,28227
applied-ml,eugeneyan,2020-07-04T18:57:47Z,2025-08-11T11:35:28Z,None,208,0,2,22,28207
vscodium,VSCodium,2018-08-13T14:26:58Z,2025-08-11T20:03:41Z,Shell,540,237,116,1384,28200
gitbook,GitbookIO,2014-03-31T03:01:56Z,2025-08-11T17:56:56Z,TypeScript,1275,75,30,1879,28180
druid,alibaba,2011-11-03T05:12:51Z,2025-08-11T11:50:27Z,Java,1516,51,2249,2283,28168
nginxconfig.io,digitalocean,2018-01-05T14:21:14Z,2025-08-11T14:05:50Z,JavaScript,191,0,54,184,28168
linera-protocol,linera-io,2021-12-19T04:09:21Z,2025-08-11T18:58:39Z,Rust,2634,18,488,747,28130
backbone,jashkenas,2010-09-30T19:41:28Z,2025-08-10T20:09:23Z,JavaScript,881,0,42,2364,28109
qlib,microsoft,2020-08-14T06:46:00Z,2025-08-11T15:42:12Z,Python,721,22,251,723,28063
ChatGPT,acheong08,2022-12-03T14:35:24Z,2025-08-11T13:17:27Z,Python,292,277,11,792,28037
dnSpy,dnSpy,2015-07-01T16:05:10Z,2025-08-11T17:47:35Z,C#,53,1,0,0,28029
swagger-ui,swagger-api,2011-07-15T22:56:39Z,2025-08-11T18:22:49Z,JavaScript,3305,376,1209,4426,28023
Sunshine,LizardByte,2021-12-15T23:38:57Z,2025-08-11T19:38:49Z,C++,1454,43,81,974,28015
mobx,mobxjs,2015-03-14T14:31:38Z,2025-08-11T06:24:50Z,TypeScript,1152,113,57,1914,28000
react-select,JedWatson,2014-08-26T04:27:45Z,2025-08-11T18:13:57Z,TypeScript,1054,61,379,3249,27996
Python-programming-exercises,zhiwehu,2012-06-14T07:56:46Z,2025-08-11T16:21:27Z,None,0,0,68,17,27995
python-telegram-bot,python-telegram-bot,2015-07-07T15:30:39Z,2025-08-11T13:21:15Z,Python,1631,127,14,2261,27970
waifu2x,nagadomi,2015-05-17T07:29:15Z,2025-08-11T18:08:21Z,Lua,68,3,152,216,27964
nginx-proxy-manager,NginxProxyManager,2017-12-20T23:01:16Z,2025-08-11T19:27:51Z,JavaScript,526,77,922,2069,27951
Charts,ChartsOrg,2015-03-20T10:49:12Z,2025-08-11T17:15:09Z,Swift,427,38,891,3388,27927
vhr,lenve,2018-01-04T08:57:51Z,2025-08-11T11:16:14Z,Java,1,0,157,97,27899
trivy,aquasecurity,2019-04-11T01:01:07Z,2025-08-11T15:09:28Z,Go,3176,171,156,2749,27875
python-fire,google,2017-02-21T21:35:07Z,2025-08-11T19:35:13Z,Python,132,11,129,203,27818
ResumeSample,geekcompany,2014-09-08T08:08:13Z,2025-08-11T17:29:26Z,None,2,0,0,0,27786
Web,qianguyihao,2017-01-03T11:44:33Z,2025-08-11T08:21:46Z,None,0,0,70,156,27785
headlessui,tailwindlabs,2020-09-16T09:53:09Z,2025-08-11T13:28:31Z,TypeScript,619,127,110,1288,27777
aos,michalsnik,2015-07-09T17:49:00Z,2025-08-11T09:12:10Z,JavaScript,38,0,344,360,27774
create-t3-app,t3-oss,2022-05-24T13:31:01Z,2025-08-11T19:58:14Z,TypeScript,1114,138,63,675,27761
nginx,nginx,2015-06-23T10:26:27Z,2025-08-11T17:02:45Z,C,91,7,168,173,27704
Probabilistic-Programming-and-Bayesian-Methods-for-Hackers,CamDavidsonPilon,2013-01-14T15:46:28Z,2025-08-11T19:10:03Z,Jupyter Notebook,243,0,157,90,27694
erpnext,frappe,2011-06-08T08:20:56Z,2025-08-11T19:29:19Z,Python,26346,1000,2249,14489,27652
redash,getredash,2013-10-28T13:19:39Z,2025-08-11T20:09:48Z,Python,3255,100,615,1956,27645
yapi,YMFE,2016-05-30T09:09:09Z,2025-08-10T13:10:33Z,JavaScript,141,1,1536,922,27641
raylib,raysan5,2013-10-24T15:46:04Z,2025-08-11T20:09:07Z,C,2147,24,26,1996,27636
WindTerm,kingToolbox,2019-10-09T19:56:09Z,2025-08-11T18:01:42Z,C,1,32,2168,562,27548
commander.js,tj,2011-08-14T21:33:58Z,2025-08-11T19:44:11Z,JavaScript,824,83,7,1130,27538
Tvlist-awesome-m3u-m3u8,imDazui,2017-02-18T03:59:25Z,2025-08-11T18:59:08Z,None,1,0,24,49,27529
EasyOCR,JaidedAI,2020-03-14T11:46:39Z,2025-08-11T20:10:29Z,Python,177,23,464,605,27519
Daily-Interview-Question,Advanced-Frontend,2019-01-19T10:49:00Z,2025-08-10T16:09:24Z,JavaScript,15,0,265,301,27510
so-vits-svc,svc-develop-team,2023-03-10T09:31:09Z,2025-08-11T18:01:09Z,Python,153,0,21,109,27500
flameshot,flameshot-org,2017-05-10T19:44:51Z,2025-08-11T19:09:07Z,C++,955,29,670,2059,27482
srs,ossrs,2015-04-29T06:59:32Z,2025-08-11T15:03:41Z,C++,492,67,230,1303,27455
Rectangle,rxhanson,2019-06-21T21:34:53Z,2025-08-11T14:49:05Z,Swift,258,92,85,598,27428
